nohup: ignoring input
2026-03-23 21:14:32 | INFO | ╔══════════════════════════════════════════════════════╗
2026-03-23 21:14:32 | INFO | ║          BOT ULTRA v4.0 - FORA DA CURVA             ║
2026-03-23 21:14:32 | INFO | ║     Estrutura profissional + Alpha Vantage          ║
2026-03-23 21:14:32 | INFO | ╚══════════════════════════════════════════════════════╝
2026-03-23 21:14:32 | INFO | 🌐 Dashboard rodando na porta 8080
2026-03-23 21:14:33 | INFO | ✅ Bybit V5 conectada | pos_ret=0 | wallet_ret=0
2026-03-23 21:14:33 | INFO | 🧠 Memória carregada: 6 estados | 1 trades
2026-03-23 21:14:33 | INFO | 📰 News final: 3 notícias | score=0.0 | Neutro | fear_news=50 (Neutro)
2026-03-23 21:14:34 | INFO | 📊 Fear & Greed combinado: 23 (Extreme Fear) | alt=8 (Extreme Fear) | news=50 (Neutro)
2026-03-23 21:14:34 | INFO | 🔬 Iniciando auto-otimização...
2026-03-23 21:14:37 | INFO | ✅ Otimização | Sharpe=0.553 | {'threshold_score': np.int64(5), 'rsi_oversold': np.int64(30), 'rsi_overbought': np.int64(60), 'atr_stop_mult': np.float64(2.5), 'atr_tp_mult': np.float64(4.0)}
2026-03-23 21:14:42 | ERROR | Erro ETHUSDT: API Secret required for private endpoints
2026-03-23 21:14:46 | ERROR | Erro BNBUSDT: API Secret required for private endpoints
2026-03-23 21:14:50 | ERROR | Erro SOLUSDT: API Secret required for private endpoints
2026-03-23 21:14:54 | ERROR | Erro ADAUSDT: API Secret required for private endpoints
----------------------------------------
Exception occurred during processing of request from ('127.0.0.1', 51356)
Traceback (most recent call last):
  File "/usr/lib/python3.10/socketserver.py", line 683, in process_request_thread
    self.finish_request(request, client_address)
  File "/usr/lib/python3.10/socketserver.py", line 360, in finish_request
    self.RequestHandlerClass(request, client_address, self)
  File "/usr/lib/python3.10/socketserver.py", line 747, in __init__
    self.handle()
  File "/usr/lib/python3.10/http/server.py", line 433, in handle
    self.handle_one_request()
  File "/usr/lib/python3.10/http/server.py", line 421, in handle_one_request
    method()
  File "/home/ubuntu/bot-ultra-v4-profissional/bot/dashboard.py", line 351, in do_GET
    self._send_json(payload)
  File "/home/ubuntu/bot-ultra-v4-profissional/bot/dashboard.py", line 36, in _send_json
    self.wfile.write(body)
  File "/usr/lib/python3.10/socketserver.py", line 826, in write
    self._sock.sendall(b)
BrokenPipeError: [Errno 32] Broken pipe
----------------------------------------
----------------------------------------
Exception occurred during processing of request from ('127.0.0.1', 39132)
Traceback (most recent call last):
  File "/usr/lib/python3.10/socketserver.py", line 683, in process_request_thread
    self.finish_request(request, client_address)
  File "/usr/lib/python3.10/socketserver.py", line 360, in finish_request
    self.RequestHandlerClass(request, client_address, self)
  File "/usr/lib/python3.10/socketserver.py", line 747, in __init__
    self.handle()
  File "/usr/lib/python3.10/http/server.py", line 433, in handle
    self.handle_one_request()
  File "/usr/lib/python3.10/http/server.py", line 421, in handle_one_request
    method()
  File "/home/ubuntu/bot-ultra-v4-profissional/bot/dashboard.py", line 351, in do_GET
    self._send_json(payload)
  File "/home/ubuntu/bot-ultra-v4-profissional/bot/dashboard.py", line 36, in _send_json
    self.wfile.write(body)
  File "/usr/lib/python3.10/socketserver.py", line 826, in write
    self._sock.sendall(b)
BrokenPipeError: [Errno 32] Broken pipe
----------------------------------------
----------------------------------------
Exception occurred during processing of request from ('181.77.10.16', 43293)
Traceback (most recent call last):
  File "/usr/lib/python3.10/socketserver.py", line 683, in process_request_thread
    self.finish_request(request, client_address)
  File "/usr/lib/python3.10/socketserver.py", line 360, in finish_request
    self.RequestHandlerClass(request, client_address, self)
  File "/usr/lib/python3.10/socketserver.py", line 747, in __init__
    self.handle()
  File "/usr/lib/python3.10/http/server.py", line 433, in handle
    self.handle_one_request()
  File "/usr/lib/python3.10/http/server.py", line 421, in handle_one_request
    method()
  File "/home/ubuntu/bot-ultra-v4-profissional/bot/dashboard.py", line 351, in do_GET
    self._send_json(payload)
  File "/home/ubuntu/bot-ultra-v4-profissional/bot/dashboard.py", line 35, in _send_json
    self.end_headers()
  File "/usr/lib/python3.10/http/server.py", line 535, in end_headers
    self.flush_headers()
  File "/usr/lib/python3.10/http/server.py", line 539, in flush_headers
    self.wfile.write(b"".join(self._headers_buffer))
  File "/usr/lib/python3.10/socketserver.py", line 826, in write
    self._sock.sendall(b)
ConnectionResetError: [Errno 104] Connection reset by peer
----------------------------------------
----------------------------------------
Exception occurred during processing of request from ('181.77.10.16', 43265)
Traceback (most recent call last):
  File "/usr/lib/python3.10/socketserver.py", line 683, in process_request_thread
    self.finish_request(request, client_address)
  File "/usr/lib/python3.10/socketserver.py", line 360, in finish_request
    self.RequestHandlerClass(request, client_address, self)
  File "/usr/lib/python3.10/socketserver.py", line 747, in __init__
    self.handle()
  File "/usr/lib/python3.10/http/server.py", line 433, in handle
    self.handle_one_request()
  File "/usr/lib/python3.10/http/server.py", line 421, in handle_one_request
    method()
  File "/home/ubuntu/bot-ultra-v4-profissional/bot/dashboard.py", line 351, in do_GET
    self._send_json(payload)
  File "/home/ubuntu/bot-ultra-v4-profissional/bot/dashboard.py", line 35, in _send_json
    self.end_headers()
  File "/usr/lib/python3.10/http/server.py", line 535, in end_headers
    self.flush_headers()
  File "/usr/lib/python3.10/http/server.py", line 539, in flush_headers
    self.wfile.write(b"".join(self._headers_buffer))
  File "/usr/lib/python3.10/socketserver.py", line 826, in write
    self._sock.sendall(b)
ConnectionResetError: [Errno 104] Connection reset by peer
----------------------------------------
----------------------------------------
Exception occurred during processing of request from ('181.77.10.16', 43273)
Traceback (most recent call last):
  File "/usr/lib/python3.10/socketserver.py", line 683, in process_request_thread
    self.finish_request(request, client_address)
  File "/usr/lib/python3.10/socketserver.py", line 360, in finish_request
    self.RequestHandlerClass(request, client_address, self)
  File "/usr/lib/python3.10/socketserver.py", line 747, in __init__
    self.handle()
  File "/usr/lib/python3.10/http/server.py", line 433, in handle
    self.handle_one_request()
  File "/usr/lib/python3.10/http/server.py", line 421, in handle_one_request
    method()
  File "/home/ubuntu/bot-ultra-v4-profissional/bot/dashboard.py", line 351, in do_GET
    self._send_json(payload)
  File "/home/ubuntu/bot-ultra-v4-profissional/bot/dashboard.py", line 35, in _send_json
    self.end_headers()
  File "/usr/lib/python3.10/http/server.py", line 535, in end_headers
    self.flush_headers()
  File "/usr/lib/python3.10/http/server.py", line 539, in flush_headers
    self.wfile.write(b"".join(self._headers_buffer))
  File "/usr/lib/python3.10/socketserver.py", line 826, in write
    self._sock.sendall(b)
ConnectionResetError: [Errno 104] Connection reset by peer
----------------------------------------
----------------------------------------
Exception occurred during processing of request from ('181.77.10.16', 43282)
Traceback (most recent call last):
  File "/usr/lib/python3.10/socketserver.py", line 683, in process_request_thread
    self.finish_request(request, client_address)
  File "/usr/lib/python3.10/socketserver.py", line 360, in finish_request
    self.RequestHandlerClass(request, client_address, self)
  File "/usr/lib/python3.10/socketserver.py", line 747, in __init__
    self.handle()
  File "/usr/lib/python3.10/http/server.py", line 433, in handle
    self.handle_one_request()
  File "/usr/lib/python3.10/http/server.py", line 421, in handle_one_request
    method()
  File "/home/ubuntu/bot-ultra-v4-profissional/bot/dashboard.py", line 351, in do_GET
    self._send_json(payload)
  File "/home/ubuntu/bot-ultra-v4-profissional/bot/dashboard.py", line 35, in _send_json
    self.end_headers()
  File "/usr/lib/python3.10/http/server.py", line 535, in end_headers
    self.flush_headers()
  File "/usr/lib/python3.10/http/server.py", line 539, in flush_headers
    self.wfile.write(b"".join(self._headers_buffer))
  File "/usr/lib/python3.10/socketserver.py", line 826, in write
    self._sock.sendall(b)
ConnectionResetError: [Errno 104] Connection reset by peer
----------------------------------------
----------------------------------------
Exception occurred during processing of request from ('181.77.10.16', 43266)
Traceback (most recent call last):
  File "/usr/lib/python3.10/socketserver.py", line 683, in process_request_thread
    self.finish_request(request, client_address)
  File "/usr/lib/python3.10/socketserver.py", line 360, in finish_request
    self.RequestHandlerClass(request, client_address, self)
  File "/usr/lib/python3.10/socketserver.py", line 747, in __init__
    self.handle()
  File "/usr/lib/python3.10/http/server.py", line 433, in handle
    self.handle_one_request()
  File "/usr/lib/python3.10/http/server.py", line 421, in handle_one_request
    method()
  File "/home/ubuntu/bot-ultra-v4-profissional/bot/dashboard.py", line 351, in do_GET
    self._send_json(payload)
  File "/home/ubuntu/bot-ultra-v4-profissional/bot/dashboard.py", line 35, in _send_json
    self.end_headers()
  File "/usr/lib/python3.10/http/server.py", line 535, in end_headers
    self.flush_headers()
  File "/usr/lib/python3.10/http/server.py", line 539, in flush_headers
    self.wfile.write(b"".join(self._headers_buffer))
  File "/usr/lib/python3.10/socketserver.py", line 826, in write
    self._sock.sendall(b)
ConnectionResetError: [Errno 104] Connection reset by peer
----------------------------------------
----------------------------------------
Exception occurred during processing of request from ('181.77.10.16', 43270)
Traceback (most recent call last):
  File "/usr/lib/python3.10/socketserver.py", line 683, in process_request_thread
    self.finish_request(request, client_address)
  File "/usr/lib/python3.10/socketserver.py", line 360, in finish_request
    self.RequestHandlerClass(request, client_address, self)
  File "/usr/lib/python3.10/socketserver.py", line 747, in __init__
    self.handle()
  File "/usr/lib/python3.10/http/server.py", line 433, in handle
    self.handle_one_request()
  File "/usr/lib/python3.10/http/server.py", line 421, in handle_one_request
    method()
  File "/home/ubuntu/bot-ultra-v4-profissional/bot/dashboard.py", line 351, in do_GET
    self._send_json(payload)
  File "/home/ubuntu/bot-ultra-v4-profissional/bot/dashboard.py", line 35, in _send_json
    self.end_headers()
  File "/usr/lib/python3.10/http/server.py", line 535, in end_headers
    self.flush_headers()
  File "/usr/lib/python3.10/http/server.py", line 539, in flush_headers
    self.wfile.write(b"".join(self._headers_buffer))
  File "/usr/lib/python3.10/socketserver.py", line 826, in write
    self._sock.sendall(b)
ConnectionResetError: [Errno 104] Connection reset by peer
----------------------------------------
----------------------------------------
Exception occurred during processing of request from ('127.0.0.1', 45554)
Traceback (most recent call last):
  File "/usr/lib/python3.10/socketserver.py", line 683, in process_request_thread
    self.finish_request(request, client_address)
  File "/usr/lib/python3.10/socketserver.py", line 360, in finish_request
    self.RequestHandlerClass(request, client_address, self)
  File "/usr/lib/python3.10/socketserver.py", line 747, in __init__
    self.handle()
  File "/usr/lib/python3.10/http/server.py", line 433, in handle
    self.handle_one_request()
  File "/usr/lib/python3.10/http/server.py", line 421, in handle_one_request
    method()
  File "/home/ubuntu/bot-ultra-v4-profissional/bot/dashboard.py", line 351, in do_GET
    self._send_json(payload)
  File "/home/ubuntu/bot-ultra-v4-profissional/bot/dashboard.py", line 36, in _send_json
    self.wfile.write(body)
  File "/usr/lib/python3.10/socketserver.py", line 826, in write
    self._sock.sendall(b)
BrokenPipeError: [Errno 32] Broken pipe
----------------------------------------
2026-03-23 21:16:06 | ERROR | Erro BTCUSDT: API Secret required for private endpoints
----------------------------------------
Exception occurred during processing of request from ('181.77.10.16', 43288)
Traceback (most recent call last):
  File "/usr/lib/python3.10/socketserver.py", line 683, in process_request_thread
    self.finish_request(request, client_address)
  File "/usr/lib/python3.10/socketserver.py", line 360, in finish_request
    self.RequestHandlerClass(request, client_address, self)
  File "/usr/lib/python3.10/socketserver.py", line 747, in __init__
    self.handle()
  File "/usr/lib/python3.10/http/server.py", line 433, in handle
    self.handle_one_request()
  File "/usr/lib/python3.10/http/server.py", line 421, in handle_one_request
    method()
  File "/home/ubuntu/bot-ultra-v4-profissional/bot/dashboard.py", line 351, in do_GET
    self._send_json(payload)
  File "/home/ubuntu/bot-ultra-v4-profissional/bot/dashboard.py", line 35, in _send_json
    self.end_headers()
  File "/usr/lib/python3.10/http/server.py", line 535, in end_headers
    self.flush_headers()
  File "/usr/lib/python3.10/http/server.py", line 539, in flush_headers
    self.wfile.write(b"".join(self._headers_buffer))
  File "/usr/lib/python3.10/socketserver.py", line 826, in write
    self._sock.sendall(b)
ConnectionResetError: [Errno 104] Connection reset by peer
----------------------------------------
----------------------------------------
Exception occurred during processing of request from ('181.77.10.16', 43266)
----------------------------------------
Exception occurred during processing of request from ('181.77.10.16', 43270)
----------------------------------------
Exception occurred during processing of request from ('181.77.10.16', 43281)
Traceback (most recent call last):
Traceback (most recent call last):
  File "/home/ubuntu/bot-ultra-v4-profissional/bot/dashboard.py", line 464, in do_POST
    self._send_json({
Traceback (most recent call last):
  File "/home/ubuntu/bot-ultra-v4-profissional/bot/dashboard.py", line 35, in _send_json
    self.end_headers()
  File "/home/ubuntu/bot-ultra-v4-profissional/bot/dashboard.py", line 464, in do_POST
    self._send_json({
  File "/usr/lib/python3.10/http/server.py", line 535, in end_headers
    self.flush_headers()
  File "/home/ubuntu/bot-ultra-v4-profissional/bot/dashboard.py", line 35, in _send_json
    self.end_headers()
  File "/usr/lib/python3.10/http/server.py", line 539, in flush_headers
    self.wfile.write(b"".join(self._headers_buffer))
  File "/usr/lib/python3.10/socketserver.py", line 826, in write
    self._sock.sendall(b)
  File "/usr/lib/python3.10/http/server.py", line 535, in end_headers
    self.flush_headers()
  File "/usr/lib/python3.10/socketserver.py", line 683, in process_request_thread
    self.finish_request(request, client_address)
  File "/usr/lib/python3.10/http/server.py", line 539, in flush_headers
    self.wfile.write(b"".join(self._headers_buffer))
  File "/usr/lib/python3.10/socketserver.py", line 360, in finish_request
    self.RequestHandlerClass(request, client_address, self)
  File "/usr/lib/python3.10/socketserver.py", line 747, in __init__
    self.handle()
  File "/usr/lib/python3.10/socketserver.py", line 826, in write
    self._sock.sendall(b)
  File "/usr/lib/python3.10/http/server.py", line 433, in handle
    self.handle_one_request()
ConnectionResetError: [Errno 104] Connection reset by peer
ConnectionResetError: [Errno 104] Connection reset by peer

During handling of the above exception, another exception occurred:


During handling of the above exception, another exception occurred:

Traceback (most recent call last):
Traceback (most recent call last):
  File "/usr/lib/python3.10/socketserver.py", line 683, in process_request_thread
    self.finish_request(request, client_address)
  File "/usr/lib/python3.10/http/server.py", line 421, in handle_one_request
    method()
  File "/usr/lib/python3.10/socketserver.py", line 360, in finish_request
    self.RequestHandlerClass(request, client_address, self)
  File "/usr/lib/python3.10/socketserver.py", line 747, in __init__
    self.handle()
  File "/usr/lib/python3.10/http/server.py", line 433, in handle
    self.handle_one_request()
  File "/home/ubuntu/bot-ultra-v4-profissional/bot/dashboard.py", line 351, in do_GET
    self._send_json(payload)
  File "/home/ubuntu/bot-ultra-v4-profissional/bot/dashboard.py", line 35, in _send_json
    self.end_headers()
  File "/usr/lib/python3.10/http/server.py", line 421, in handle_one_request
    method()
  File "/usr/lib/python3.10/http/server.py", line 535, in end_headers
    self.flush_headers()
  File "/usr/lib/python3.10/http/server.py", line 539, in flush_headers
    self.wfile.write(b"".join(self._headers_buffer))
  File "/home/ubuntu/bot-ultra-v4-profissional/bot/dashboard.py", line 488, in do_POST
    self._send_json({"ok": False, "error": str(e)}, 500)
  File "/home/ubuntu/bot-ultra-v4-profissional/bot/dashboard.py", line 35, in _send_json
    self.end_headers()
  File "/usr/lib/python3.10/socketserver.py", line 826, in write
    self._sock.sendall(b)
  File "/usr/lib/python3.10/http/server.py", line 535, in end_headers
    self.flush_headers()
  File "/usr/lib/python3.10/http/server.py", line 539, in flush_headers
    self.wfile.write(b"".join(self._headers_buffer))
  File "/usr/lib/python3.10/socketserver.py", line 826, in write
    self._sock.sendall(b)
  File "/usr/lib/python3.10/socketserver.py", line 683, in process_request_thread
    self.finish_request(request, client_address)
  File "/usr/lib/python3.10/socketserver.py", line 360, in finish_request
    self.RequestHandlerClass(request, client_address, self)
  File "/usr/lib/python3.10/socketserver.py", line 747, in __init__
    self.handle()
BrokenPipeError: [Errno 32] Broken pipe
  File "/usr/lib/python3.10/http/server.py", line 433, in handle
    self.handle_one_request()
ConnectionResetError: [Errno 104] Connection reset by peer
  File "/usr/lib/python3.10/http/server.py", line 421, in handle_one_request
    method()
  File "/home/ubuntu/bot-ultra-v4-profissional/bot/dashboard.py", line 488, in do_POST
    self._send_json({"ok": False, "error": str(e)}, 500)
----------------------------------------
  File "/home/ubuntu/bot-ultra-v4-profissional/bot/dashboard.py", line 35, in _send_json
    self.end_headers()
  File "/usr/lib/python3.10/http/server.py", line 535, in end_headers
    self.flush_headers()
  File "/usr/lib/python3.10/http/server.py", line 539, in flush_headers
    self.wfile.write(b"".join(self._headers_buffer))
  File "/usr/lib/python3.10/socketserver.py", line 826, in write
    self._sock.sendall(b)
----------------------------------------
BrokenPipeError: [Errno 32] Broken pipe
----------------------------------------
----------------------------------------
Exception occurred during processing of request from ('181.77.10.16', 43267)
Traceback (most recent call last):
  File "/usr/lib/python3.10/socketserver.py", line 683, in process_request_thread
    self.finish_request(request, client_address)
  File "/usr/lib/python3.10/socketserver.py", line 360, in finish_request
    self.RequestHandlerClass(request, client_address, self)
  File "/usr/lib/python3.10/socketserver.py", line 747, in __init__
    self.handle()
  File "/usr/lib/python3.10/http/server.py", line 433, in handle
    self.handle_one_request()
  File "/usr/lib/python3.10/http/server.py", line 421, in handle_one_request
    method()
  File "/home/ubuntu/bot-ultra-v4-profissional/bot/dashboard.py", line 351, in do_GET
    self._send_json(payload)
  File "/home/ubuntu/bot-ultra-v4-profissional/bot/dashboard.py", line 35, in _send_json
    self.end_headers()
  File "/usr/lib/python3.10/http/server.py", line 535, in end_headers
    self.flush_headers()
  File "/usr/lib/python3.10/http/server.py", line 539, in flush_headers
    self.wfile.write(b"".join(self._headers_buffer))
  File "/usr/lib/python3.10/socketserver.py", line 826, in write
    self._sock.sendall(b)
ConnectionResetError: [Errno 104] Connection reset by peer
----------------------------------------
2026-03-23 21:16:10 | ERROR | Erro ETHUSDT: API Secret required for private endpoints
----------------------------------------
Exception occurred during processing of request from ('181.77.10.16', 43264)
Traceback (most recent call last):
  File "/usr/lib/python3.10/socketserver.py", line 683, in process_request_thread
    self.finish_request(request, client_address)
  File "/usr/lib/python3.10/socketserver.py", line 360, in finish_request
    self.RequestHandlerClass(request, client_address, self)
  File "/usr/lib/python3.10/socketserver.py", line 747, in __init__
    self.handle()
  File "/usr/lib/python3.10/http/server.py", line 433, in handle
    self.handle_one_request()
  File "/usr/lib/python3.10/http/server.py", line 421, in handle_one_request
    method()
  File "/home/ubuntu/bot-ultra-v4-profissional/bot/dashboard.py", line 351, in do_GET
    self._send_json(payload)
  File "/home/ubuntu/bot-ultra-v4-profissional/bot/dashboard.py", line 35, in _send_json
    self.end_headers()
  File "/usr/lib/python3.10/http/server.py", line 535, in end_headers
    self.flush_headers()
  File "/usr/lib/python3.10/http/server.py", line 539, in flush_headers
    self.wfile.write(b"".join(self._headers_buffer))
  File "/usr/lib/python3.10/socketserver.py", line 826, in write
    self._sock.sendall(b)
ConnectionResetError: [Errno 104] Connection reset by peer
----------------------------------------
2026-03-23 21:16:14 | ERROR | Erro BNBUSDT: API Secret required for private endpoints
2026-03-23 21:16:18 | ERROR | Erro SOLUSDT: API Secret required for private endpoints
2026-03-23 21:16:22 | ERROR | Erro ADAUSDT: API Secret required for private endpoints
----------------------------------------
Exception occurred during processing of request from ('181.77.10.16', 43267)
Traceback (most recent call last):
  File "/usr/lib/python3.10/socketserver.py", line 683, in process_request_thread
    self.finish_request(request, client_address)
  File "/usr/lib/python3.10/socketserver.py", line 360, in finish_request
    self.RequestHandlerClass(request, client_address, self)
  File "/usr/lib/python3.10/socketserver.py", line 747, in __init__
    self.handle()
  File "/usr/lib/python3.10/http/server.py", line 433, in handle
    self.handle_one_request()
  File "/usr/lib/python3.10/http/server.py", line 421, in handle_one_request
    method()
  File "/home/ubuntu/bot-ultra-v4-profissional/bot/dashboard.py", line 351, in do_GET
    self._send_json(payload)
  File "/home/ubuntu/bot-ultra-v4-profissional/bot/dashboard.py", line 35, in _send_json
    self.end_headers()
  File "/usr/lib/python3.10/http/server.py", line 535, in end_headers
    self.flush_headers()
  File "/usr/lib/python3.10/http/server.py", line 539, in flush_headers
    self.wfile.write(b"".join(self._headers_buffer))
  File "/usr/lib/python3.10/socketserver.py", line 826, in write
    self._sock.sendall(b)
ConnectionResetError: [Errno 104] Connection reset by peer
----------------------------------------
----------------------------------------
Exception occurred during processing of request from ('181.77.10.16', 43266)
Traceback (most recent call last):
  File "/home/ubuntu/bot-ultra-v4-profissional/bot/dashboard.py", line 464, in do_POST
    self._send_json({
  File "/home/ubuntu/bot-ultra-v4-profissional/bot/dashboard.py", line 35, in _send_json
    self.end_headers()
  File "/usr/lib/python3.10/http/server.py", line 535, in end_headers
    self.flush_headers()
  File "/usr/lib/python3.10/http/server.py", line 539, in flush_headers
    self.wfile.write(b"".join(self._headers_buffer))
  File "/usr/lib/python3.10/socketserver.py", line 826, in write
    self._sock.sendall(b)
ConnectionResetError: [Errno 104] Connection reset by peer

During handling of the above exception, another exception occurred:

Traceback (most recent call last):
  File "/usr/lib/python3.10/socketserver.py", line 683, in process_request_thread
    self.finish_request(request, client_address)
  File "/usr/lib/python3.10/socketserver.py", line 360, in finish_request
    self.RequestHandlerClass(request, client_address, self)
  File "/usr/lib/python3.10/socketserver.py", line 747, in __init__
    self.handle()
  File "/usr/lib/python3.10/http/server.py", line 433, in handle
    self.handle_one_request()
  File "/usr/lib/python3.10/http/server.py", line 421, in handle_one_request
    method()
  File "/home/ubuntu/bot-ultra-v4-profissional/bot/dashboard.py", line 488, in do_POST
    self._send_json({"ok": False, "error": str(e)}, 500)
  File "/home/ubuntu/bot-ultra-v4-profissional/bot/dashboard.py", line 35, in _send_json
    self.end_headers()
  File "/usr/lib/python3.10/http/server.py", line 535, in end_headers
    self.flush_headers()
  File "/usr/lib/python3.10/http/server.py", line 539, in flush_headers
    self.wfile.write(b"".join(self._headers_buffer))
  File "/usr/lib/python3.10/socketserver.py", line 826, in write
    self._sock.sendall(b)
BrokenPipeError: [Errno 32] Broken pipe
----------------------------------------
----------------------------------------
Exception occurred during processing of request from ('181.77.10.16', 43269)
Traceback (most recent call last):
  File "/usr/lib/python3.10/socketserver.py", line 683, in process_request_thread
    self.finish_request(request, client_address)
  File "/usr/lib/python3.10/socketserver.py", line 360, in finish_request
    self.RequestHandlerClass(request, client_address, self)
  File "/usr/lib/python3.10/socketserver.py", line 747, in __init__
    self.handle()
  File "/usr/lib/python3.10/http/server.py", line 433, in handle
    self.handle_one_request()
  File "/usr/lib/python3.10/http/server.py", line 421, in handle_one_request
    method()
  File "/home/ubuntu/bot-ultra-v4-profissional/bot/dashboard.py", line 351, in do_GET
    self._send_json(payload)
  File "/home/ubuntu/bot-ultra-v4-profissional/bot/dashboard.py", line 35, in _send_json
    self.end_headers()
  File "/usr/lib/python3.10/http/server.py", line 535, in end_headers
    self.flush_headers()
  File "/usr/lib/python3.10/http/server.py", line 539, in flush_headers
    self.wfile.write(b"".join(self._headers_buffer))
  File "/usr/lib/python3.10/socketserver.py", line 826, in write
    self._sock.sendall(b)
ConnectionResetError: [Errno 104] Connection reset by peer
----------------------------------------
----------------------------------------
Exception occurred during processing of request from ('181.77.10.16', 43265)
Traceback (most recent call last):
  File "/usr/lib/python3.10/socketserver.py", line 683, in process_request_thread
    self.finish_request(request, client_address)
  File "/usr/lib/python3.10/socketserver.py", line 360, in finish_request
    self.RequestHandlerClass(request, client_address, self)
  File "/usr/lib/python3.10/socketserver.py", line 747, in __init__
    self.handle()
  File "/usr/lib/python3.10/http/server.py", line 433, in handle
    self.handle_one_request()
  File "/usr/lib/python3.10/http/server.py", line 421, in handle_one_request
    method()
  File "/home/ubuntu/bot-ultra-v4-profissional/bot/dashboard.py", line 351, in do_GET
    self._send_json(payload)
  File "/home/ubuntu/bot-ultra-v4-profissional/bot/dashboard.py", line 35, in _send_json
    self.end_headers()
  File "/usr/lib/python3.10/http/server.py", line 535, in end_headers
    self.flush_headers()
  File "/usr/lib/python3.10/http/server.py", line 539, in flush_headers
    self.wfile.write(b"".join(self._headers_buffer))
  File "/usr/lib/python3.10/socketserver.py", line 826, in write
    self._sock.sendall(b)
ConnectionResetError: [Errno 104] Connection reset by peer
----------------------------------------
----------------------------------------
Exception occurred during processing of request from ('181.77.10.16', 43272)
Traceback (most recent call last):
  File "/usr/lib/python3.10/socketserver.py", line 683, in process_request_thread
    self.finish_request(request, client_address)
  File "/usr/lib/python3.10/socketserver.py", line 360, in finish_request
    self.RequestHandlerClass(request, client_address, self)
  File "/usr/lib/python3.10/socketserver.py", line 747, in __init__
    self.handle()
  File "/usr/lib/python3.10/http/server.py", line 433, in handle
    self.handle_one_request()
  File "/usr/lib/python3.10/http/server.py", line 421, in handle_one_request
    method()
  File "/home/ubuntu/bot-ultra-v4-profissional/bot/dashboard.py", line 351, in do_GET
    self._send_json(payload)
  File "/home/ubuntu/bot-ultra-v4-profissional/bot/dashboard.py", line 35, in _send_json
    self.end_headers()
  File "/usr/lib/python3.10/http/server.py", line 535, in end_headers
    self.flush_headers()
  File "/usr/lib/python3.10/http/server.py", line 539, in flush_headers
    self.wfile.write(b"".join(self._headers_buffer))
  File "/usr/lib/python3.10/socketserver.py", line 826, in write
    self._sock.sendall(b)
ConnectionResetError: [Errno 104] Connection reset by peer
----------------------------------------
----------------------------------------
Exception occurred during processing of request from ('181.77.10.16', 43272)
Traceback (most recent call last):
  File "/usr/lib/python3.10/socketserver.py", line 683, in process_request_thread
    self.finish_request(request, client_address)
  File "/usr/lib/python3.10/socketserver.py", line 360, in finish_request
    self.RequestHandlerClass(request, client_address, self)
  File "/usr/lib/python3.10/socketserver.py", line 747, in __init__
    self.handle()
  File "/usr/lib/python3.10/http/server.py", line 433, in handle
    self.handle_one_request()
  File "/usr/lib/python3.10/http/server.py", line 421, in handle_one_request
    method()
  File "/home/ubuntu/bot-ultra-v4-profissional/bot/dashboard.py", line 351, in do_GET
    self._send_json(payload)
  File "/home/ubuntu/bot-ultra-v4-profissional/bot/dashboard.py", line 35, in _send_json
    self.end_headers()
  File "/usr/lib/python3.10/http/server.py", line 535, in end_headers
    self.flush_headers()
  File "/usr/lib/python3.10/http/server.py", line 539, in flush_headers
    self.wfile.write(b"".join(self._headers_buffer))
  File "/usr/lib/python3.10/socketserver.py", line 826, in write
    self._sock.sendall(b)
ConnectionResetError: [Errno 104] Connection reset by peer
----------------------------------------
----------------------------------------
Exception occurred during processing of request from ('181.77.10.16', 43291)
----------------------------------------
Exception occurred during processing of request from ('181.77.10.16', 43276)
Traceback (most recent call last):
Traceback (most recent call last):
  File "/home/ubuntu/bot-ultra-v4-profissional/bot/dashboard.py", line 464, in do_POST
    self._send_json({
----------------------------------------
  File "/home/ubuntu/bot-ultra-v4-profissional/bot/dashboard.py", line 35, in _send_json
    self.end_headers()
  File "/usr/lib/python3.10/http/server.py", line 535, in end_headers
    self.flush_headers()
Exception occurred during processing of request from ('181.77.10.16', 43290)
  File "/usr/lib/python3.10/http/server.py", line 539, in flush_headers
    self.wfile.write(b"".join(self._headers_buffer))
  File "/usr/lib/python3.10/socketserver.py", line 826, in write
    self._sock.sendall(b)
Traceback (most recent call last):
ConnectionResetError: [Errno 104] Connection reset by peer
  File "/home/ubuntu/bot-ultra-v4-profissional/bot/dashboard.py", line 464, in do_POST
    self._send_json({
  File "/home/ubuntu/bot-ultra-v4-profissional/bot/dashboard.py", line 35, in _send_json
    self.end_headers()
  File "/usr/lib/python3.10/http/server.py", line 535, in end_headers
    self.flush_headers()

During handling of the above exception, another exception occurred:

  File "/usr/lib/python3.10/socketserver.py", line 683, in process_request_thread
    self.finish_request(request, client_address)
  File "/usr/lib/python3.10/socketserver.py", line 360, in finish_request
    self.RequestHandlerClass(request, client_address, self)
  File "/usr/lib/python3.10/http/server.py", line 539, in flush_headers
    self.wfile.write(b"".join(self._headers_buffer))
  File "/usr/lib/python3.10/socketserver.py", line 826, in write
    self._sock.sendall(b)
Traceback (most recent call last):
  File "/usr/lib/python3.10/socketserver.py", line 747, in __init__
    self.handle()
ConnectionResetError: [Errno 104] Connection reset by peer
  File "/usr/lib/python3.10/socketserver.py", line 683, in process_request_thread
    self.finish_request(request, client_address)
  File "/usr/lib/python3.10/http/server.py", line 433, in handle
    self.handle_one_request()

During handling of the above exception, another exception occurred:

  File "/usr/lib/python3.10/socketserver.py", line 360, in finish_request
    self.RequestHandlerClass(request, client_address, self)
Traceback (most recent call last):
  File "/usr/lib/python3.10/http/server.py", line 421, in handle_one_request
    method()
  File "/home/ubuntu/bot-ultra-v4-profissional/bot/dashboard.py", line 351, in do_GET
    self._send_json(payload)
  File "/home/ubuntu/bot-ultra-v4-profissional/bot/dashboard.py", line 35, in _send_json
    self.end_headers()
  File "/usr/lib/python3.10/socketserver.py", line 747, in __init__
    self.handle()
  File "/usr/lib/python3.10/http/server.py", line 433, in handle
    self.handle_one_request()
  File "/usr/lib/python3.10/http/server.py", line 421, in handle_one_request
    method()
  File "/usr/lib/python3.10/socketserver.py", line 683, in process_request_thread
    self.finish_request(request, client_address)
  File "/home/ubuntu/bot-ultra-v4-profissional/bot/dashboard.py", line 488, in do_POST
    self._send_json({"ok": False, "error": str(e)}, 500)
  File "/usr/lib/python3.10/socketserver.py", line 360, in finish_request
    self.RequestHandlerClass(request, client_address, self)
  File "/home/ubuntu/bot-ultra-v4-profissional/bot/dashboard.py", line 35, in _send_json
    self.end_headers()
  File "/usr/lib/python3.10/http/server.py", line 535, in end_headers
    self.flush_headers()
  File "/usr/lib/python3.10/http/server.py", line 539, in flush_headers
    self.wfile.write(b"".join(self._headers_buffer))
  File "/usr/lib/python3.10/http/server.py", line 535, in end_headers
    self.flush_headers()
  File "/usr/lib/python3.10/http/server.py", line 539, in flush_headers
    self.wfile.write(b"".join(self._headers_buffer))
  File "/usr/lib/python3.10/socketserver.py", line 826, in write
    self._sock.sendall(b)
BrokenPipeError: [Errno 32] Broken pipe
  File "/usr/lib/python3.10/socketserver.py", line 826, in write
    self._sock.sendall(b)
  File "/usr/lib/python3.10/socketserver.py", line 747, in __init__
    self.handle()
  File "/usr/lib/python3.10/http/server.py", line 433, in handle
    self.handle_one_request()
----------------------------------------
  File "/usr/lib/python3.10/http/server.py", line 421, in handle_one_request
    method()
  File "/home/ubuntu/bot-ultra-v4-profissional/bot/dashboard.py", line 488, in do_POST
    self._send_json({"ok": False, "error": str(e)}, 500)
  File "/home/ubuntu/bot-ultra-v4-profissional/bot/dashboard.py", line 35, in _send_json
    self.end_headers()
  File "/usr/lib/python3.10/http/server.py", line 535, in end_headers
    self.flush_headers()
  File "/usr/lib/python3.10/http/server.py", line 539, in flush_headers
    self.wfile.write(b"".join(self._headers_buffer))
  File "/usr/lib/python3.10/socketserver.py", line 826, in write
    self._sock.sendall(b)
BrokenPipeError: [Errno 32] Broken pipe
ConnectionResetError: [Errno 104] Connection reset by peer
----------------------------------------
----------------------------------------
----------------------------------------
Exception occurred during processing of request from ('181.77.10.16', 43295)
Traceback (most recent call last):
  File "/usr/lib/python3.10/socketserver.py", line 683, in process_request_thread
    self.finish_request(request, client_address)
  File "/usr/lib/python3.10/socketserver.py", line 360, in finish_request
    self.RequestHandlerClass(request, client_address, self)
  File "/usr/lib/python3.10/socketserver.py", line 747, in __init__
    self.handle()
  File "/usr/lib/python3.10/http/server.py", line 433, in handle
    self.handle_one_request()
  File "/usr/lib/python3.10/http/server.py", line 421, in handle_one_request
    method()
  File "/home/ubuntu/bot-ultra-v4-profissional/bot/dashboard.py", line 351, in do_GET
    self._send_json(payload)
  File "/home/ubuntu/bot-ultra-v4-profissional/bot/dashboard.py", line 35, in _send_json
    self.end_headers()
  File "/usr/lib/python3.10/http/server.py", line 535, in end_headers
    self.flush_headers()
  File "/usr/lib/python3.10/http/server.py", line 539, in flush_headers
    self.wfile.write(b"".join(self._headers_buffer))
  File "/usr/lib/python3.10/socketserver.py", line 826, in write
    self._sock.sendall(b)
ConnectionResetError: [Errno 104] Connection reset by peer
----------------------------------------
----------------------------------------
Exception occurred during processing of request from ('181.77.10.16', 43274)
Traceback (most recent call last):
  File "/usr/lib/python3.10/socketserver.py", line 683, in process_request_thread
    self.finish_request(request, client_address)
  File "/usr/lib/python3.10/socketserver.py", line 360, in finish_request
    self.RequestHandlerClass(request, client_address, self)
  File "/usr/lib/python3.10/socketserver.py", line 747, in __init__
    self.handle()
  File "/usr/lib/python3.10/http/server.py", line 433, in handle
    self.handle_one_request()
  File "/usr/lib/python3.10/http/server.py", line 421, in handle_one_request
    method()
  File "/home/ubuntu/bot-ultra-v4-profissional/bot/dashboard.py", line 351, in do_GET
    self._send_json(payload)
  File "/home/ubuntu/bot-ultra-v4-profissional/bot/dashboard.py", line 35, in _send_json
    self.end_headers()
  File "/usr/lib/python3.10/http/server.py", line 535, in end_headers
    self.flush_headers()
  File "/usr/lib/python3.10/http/server.py", line 539, in flush_headers
    self.wfile.write(b"".join(self._headers_buffer))
  File "/usr/lib/python3.10/socketserver.py", line 826, in write
    self._sock.sendall(b)
ConnectionResetError: [Errno 104] Connection reset by peer
----------------------------------------
2026-03-23 21:17:31 | ERROR | Erro ETHUSDT: API Secret required for private endpoints
2026-03-23 21:17:35 | ERROR | Erro BNBUSDT: API Secret required for private endpoints
2026-03-23 21:17:38 | ERROR | Erro SOLUSDT: API Secret required for private endpoints
2026-03-23 21:17:43 | ERROR | Erro ADAUSDT: API Secret required for private endpoints
----------------------------------------
Exception occurred during processing of request from ('127.0.0.1', 45842)
Traceback (most recent call last):
  File "/usr/lib/python3.10/socketserver.py", line 683, in process_request_thread
    self.finish_request(request, client_address)
  File "/usr/lib/python3.10/socketserver.py", line 360, in finish_request
    self.RequestHandlerClass(request, client_address, self)
  File "/usr/lib/python3.10/socketserver.py", line 747, in __init__
    self.handle()
  File "/usr/lib/python3.10/http/server.py", line 433, in handle
    self.handle_one_request()
  File "/usr/lib/python3.10/http/server.py", line 421, in handle_one_request
    method()
  File "/home/ubuntu/bot-ultra-v4-profissional/bot/dashboard.py", line 351, in do_GET
    self._send_json(payload)
  File "/home/ubuntu/bot-ultra-v4-profissional/bot/dashboard.py", line 36, in _send_json
    self.wfile.write(body)
  File "/usr/lib/python3.10/socketserver.py", line 826, in write
    self._sock.sendall(b)
BrokenPipeError: [Errno 32] Broken pipe
----------------------------------------
----------------------------------------
Exception occurred during processing of request from ('181.77.10.16', 43291)
Traceback (most recent call last):
  File "/usr/lib/python3.10/socketserver.py", line 683, in process_request_thread
    self.finish_request(request, client_address)
  File "/usr/lib/python3.10/socketserver.py", line 360, in finish_request
    self.RequestHandlerClass(request, client_address, self)
  File "/usr/lib/python3.10/socketserver.py", line 747, in __init__
    self.handle()
  File "/usr/lib/python3.10/http/server.py", line 433, in handle
    self.handle_one_request()
  File "/usr/lib/python3.10/http/server.py", line 421, in handle_one_request
    method()
  File "/home/ubuntu/bot-ultra-v4-profissional/bot/dashboard.py", line 351, in do_GET
    self._send_json(payload)
  File "/home/ubuntu/bot-ultra-v4-profissional/bot/dashboard.py", line 35, in _send_json
    self.end_headers()
  File "/usr/lib/python3.10/http/server.py", line 535, in end_headers
    self.flush_headers()
  File "/usr/lib/python3.10/http/server.py", line 539, in flush_headers
    self.wfile.write(b"".join(self._headers_buffer))
  File "/usr/lib/python3.10/socketserver.py", line 826, in write
    self._sock.sendall(b)
ConnectionResetError: [Errno 104] Connection reset by peer
----------------------------------------
----------------------------------------
Exception occurred during processing of request from ('181.77.10.16', 43266)
Traceback (most recent call last):
  File "/usr/lib/python3.10/socketserver.py", line 683, in process_request_thread
    self.finish_request(request, client_address)
  File "/usr/lib/python3.10/socketserver.py", line 360, in finish_request
    self.RequestHandlerClass(request, client_address, self)
  File "/usr/lib/python3.10/socketserver.py", line 747, in __init__
    self.handle()
  File "/usr/lib/python3.10/http/server.py", line 433, in handle
    self.handle_one_request()
  File "/usr/lib/python3.10/http/server.py", line 421, in handle_one_request
    method()
  File "/home/ubuntu/bot-ultra-v4-profissional/bot/dashboard.py", line 351, in do_GET
    self._send_json(payload)
  File "/home/ubuntu/bot-ultra-v4-profissional/bot/dashboard.py", line 35, in _send_json
    self.end_headers()
  File "/usr/lib/python3.10/http/server.py", line 535, in end_headers
    self.flush_headers()
  File "/usr/lib/python3.10/http/server.py", line 539, in flush_headers
    self.wfile.write(b"".join(self._headers_buffer))
  File "/usr/lib/python3.10/socketserver.py", line 826, in write
    self._sock.sendall(b)
ConnectionResetError: [Errno 104] Connection reset by peer
----------------------------------------
----------------------------------------
Exception occurred during processing of request from ('181.77.10.16', 43293)
Traceback (most recent call last):
  File "/usr/lib/python3.10/socketserver.py", line 683, in process_request_thread
    self.finish_request(request, client_address)
  File "/usr/lib/python3.10/socketserver.py", line 360, in finish_request
    self.RequestHandlerClass(request, client_address, self)
  File "/usr/lib/python3.10/socketserver.py", line 747, in __init__
    self.handle()
  File "/usr/lib/python3.10/http/server.py", line 433, in handle
    self.handle_one_request()
  File "/usr/lib/python3.10/http/server.py", line 421, in handle_one_request
    method()
  File "/home/ubuntu/bot-ultra-v4-profissional/bot/dashboard.py", line 351, in do_GET
    self._send_json(payload)
  File "/home/ubuntu/bot-ultra-v4-profissional/bot/dashboard.py", line 35, in _send_json
    self.end_headers()
  File "/usr/lib/python3.10/http/server.py", line 535, in end_headers
    self.flush_headers()
  File "/usr/lib/python3.10/http/server.py", line 539, in flush_headers
    self.wfile.write(b"".join(self._headers_buffer))
  File "/usr/lib/python3.10/socketserver.py", line 826, in write
    self._sock.sendall(b)
ConnectionResetError: [Errno 104] Connection reset by peer
----------------------------------------
----------------------------------------
Exception occurred during processing of request from ('181.77.10.16', 43265)
Traceback (most recent call last):
  File "/usr/lib/python3.10/socketserver.py", line 683, in process_request_thread
    self.finish_request(request, client_address)
  File "/usr/lib/python3.10/socketserver.py", line 360, in finish_request
    self.RequestHandlerClass(request, client_address, self)
  File "/usr/lib/python3.10/socketserver.py", line 747, in __init__
    self.handle()
  File "/usr/lib/python3.10/http/server.py", line 433, in handle
    self.handle_one_request()
  File "/usr/lib/python3.10/http/server.py", line 421, in handle_one_request
    method()
  File "/home/ubuntu/bot-ultra-v4-profissional/bot/dashboard.py", line 351, in do_GET
    self._send_json(payload)
  File "/home/ubuntu/bot-ultra-v4-profissional/bot/dashboard.py", line 35, in _send_json
    self.end_headers()
  File "/usr/lib/python3.10/http/server.py", line 535, in end_headers
    self.flush_headers()
  File "/usr/lib/python3.10/http/server.py", line 539, in flush_headers
    self.wfile.write(b"".join(self._headers_buffer))
  File "/usr/lib/python3.10/socketserver.py", line 826, in write
    self._sock.sendall(b)
ConnectionResetError: [Errno 104] Connection reset by peer
----------------------------------------
----------------------------------------
Exception occurred during processing of request from ('181.77.10.16', 43267)
Traceback (most recent call last):
  File "/usr/lib/python3.10/socketserver.py", line 683, in process_request_thread
    self.finish_request(request, client_address)
  File "/usr/lib/python3.10/socketserver.py", line 360, in finish_request
    self.RequestHandlerClass(request, client_address, self)
  File "/usr/lib/python3.10/socketserver.py", line 747, in __init__
    self.handle()
  File "/usr/lib/python3.10/http/server.py", line 433, in handle
    self.handle_one_request()
  File "/usr/lib/python3.10/http/server.py", line 421, in handle_one_request
    method()
  File "/home/ubuntu/bot-ultra-v4-profissional/bot/dashboard.py", line 351, in do_GET
    self._send_json(payload)
  File "/home/ubuntu/bot-ultra-v4-profissional/bot/dashboard.py", line 35, in _send_json
    self.end_headers()
  File "/usr/lib/python3.10/http/server.py", line 535, in end_headers
    self.flush_headers()
  File "/usr/lib/python3.10/http/server.py", line 539, in flush_headers
    self.wfile.write(b"".join(self._headers_buffer))
  File "/usr/lib/python3.10/socketserver.py", line 826, in write
    self._sock.sendall(b)
ConnectionResetError: [Errno 104] Connection reset by peer
----------------------------------------
2026-03-23 21:18:48 | ERROR | Erro ETHUSDT: API Secret required for private endpoints
2026-03-23 21:18:51 | ERROR | Erro BNBUSDT: API Secret required for private endpoints
2026-03-23 21:18:55 | ERROR | Erro SOLUSDT: API Secret required for private endpoints
2026-03-23 21:18:59 | ERROR | Erro ADAUSDT: API Secret required for private endpoints
----------------------------------------
Exception occurred during processing of request from ('181.77.10.16', 43290)
Traceback (most recent call last):
  File "/usr/lib/python3.10/socketserver.py", line 683, in process_request_thread
    self.finish_request(request, client_address)
  File "/usr/lib/python3.10/socketserver.py", line 360, in finish_request
    self.RequestHandlerClass(request, client_address, self)
  File "/usr/lib/python3.10/socketserver.py", line 747, in __init__
    self.handle()
  File "/usr/lib/python3.10/http/server.py", line 433, in handle
    self.handle_one_request()
  File "/usr/lib/python3.10/http/server.py", line 421, in handle_one_request
    method()
  File "/home/ubuntu/bot-ultra-v4-profissional/bot/dashboard.py", line 351, in do_GET
    self._send_json(payload)
  File "/home/ubuntu/bot-ultra-v4-profissional/bot/dashboard.py", line 35, in _send_json
    self.end_headers()
  File "/usr/lib/python3.10/http/server.py", line 535, in end_headers
    self.flush_headers()
  File "/usr/lib/python3.10/http/server.py", line 539, in flush_headers
    self.wfile.write(b"".join(self._headers_buffer))
  File "/usr/lib/python3.10/socketserver.py", line 826, in write
    self._sock.sendall(b)
ConnectionResetError: [Errno 104] Connection reset by peer
----------------------------------------
----------------------------------------
Exception occurred during processing of request from ('181.77.10.16', 43272)
Traceback (most recent call last):
  File "/usr/lib/python3.10/socketserver.py", line 683, in process_request_thread
    self.finish_request(request, client_address)
  File "/usr/lib/python3.10/socketserver.py", line 360, in finish_request
    self.RequestHandlerClass(request, client_address, self)
  File "/usr/lib/python3.10/socketserver.py", line 747, in __init__
    self.handle()
  File "/usr/lib/python3.10/http/server.py", line 433, in handle
    self.handle_one_request()
  File "/usr/lib/python3.10/http/server.py", line 421, in handle_one_request
    method()
  File "/home/ubuntu/bot-ultra-v4-profissional/bot/dashboard.py", line 351, in do_GET
    self._send_json(payload)
  File "/home/ubuntu/bot-ultra-v4-profissional/bot/dashboard.py", line 35, in _send_json
    self.end_headers()
  File "/usr/lib/python3.10/http/server.py", line 535, in end_headers
    self.flush_headers()
  File "/usr/lib/python3.10/http/server.py", line 539, in flush_headers
    self.wfile.write(b"".join(self._headers_buffer))
  File "/usr/lib/python3.10/socketserver.py", line 826, in write
    self._sock.sendall(b)
ConnectionResetError: [Errno 104] Connection reset by peer
----------------------------------------
----------------------------------------
Exception occurred during processing of request from ('181.77.10.16', 43273)
Traceback (most recent call last):
  File "/usr/lib/python3.10/socketserver.py", line 683, in process_request_thread
    self.finish_request(request, client_address)
  File "/usr/lib/python3.10/socketserver.py", line 360, in finish_request
    self.RequestHandlerClass(request, client_address, self)
  File "/usr/lib/python3.10/socketserver.py", line 747, in __init__
    self.handle()
  File "/usr/lib/python3.10/http/server.py", line 433, in handle
    self.handle_one_request()
  File "/usr/lib/python3.10/http/server.py", line 421, in handle_one_request
    method()
  File "/home/ubuntu/bot-ultra-v4-profissional/bot/dashboard.py", line 351, in do_GET
    self._send_json(payload)
  File "/home/ubuntu/bot-ultra-v4-profissional/bot/dashboard.py", line 35, in _send_json
    self.end_headers()
  File "/usr/lib/python3.10/http/server.py", line 535, in end_headers
    self.flush_headers()
  File "/usr/lib/python3.10/http/server.py", line 539, in flush_headers
    self.wfile.write(b"".join(self._headers_buffer))
  File "/usr/lib/python3.10/socketserver.py", line 826, in write
    self._sock.sendall(b)
ConnectionResetError: [Errno 104] Connection reset by peer
----------------------------------------
----------------------------------------
Exception occurred during processing of request from ('181.77.10.16', 43274)
Traceback (most recent call last):
  File "/usr/lib/python3.10/socketserver.py", line 683, in process_request_thread
    self.finish_request(request, client_address)
  File "/usr/lib/python3.10/socketserver.py", line 360, in finish_request
    self.RequestHandlerClass(request, client_address, self)
  File "/usr/lib/python3.10/socketserver.py", line 747, in __init__
    self.handle()
  File "/usr/lib/python3.10/http/server.py", line 433, in handle
    self.handle_one_request()
  File "/usr/lib/python3.10/http/server.py", line 421, in handle_one_request
    method()
  File "/home/ubuntu/bot-ultra-v4-profissional/bot/dashboard.py", line 351, in do_GET
    self._send_json(payload)
  File "/home/ubuntu/bot-ultra-v4-profissional/bot/dashboard.py", line 35, in _send_json
    self.end_headers()
  File "/usr/lib/python3.10/http/server.py", line 535, in end_headers
    self.flush_headers()
  File "/usr/lib/python3.10/http/server.py", line 539, in flush_headers
    self.wfile.write(b"".join(self._headers_buffer))
  File "/usr/lib/python3.10/socketserver.py", line 826, in write
    self._sock.sendall(b)
ConnectionResetError: [Errno 104] Connection reset by peer
----------------------------------------
----------------------------------------
Exception occurred during processing of request from ('181.77.10.16', 43277)
Traceback (most recent call last):
  File "/usr/lib/python3.10/socketserver.py", line 683, in process_request_thread
    self.finish_request(request, client_address)
  File "/usr/lib/python3.10/socketserver.py", line 360, in finish_request
    self.RequestHandlerClass(request, client_address, self)
  File "/usr/lib/python3.10/socketserver.py", line 747, in __init__
    self.handle()
  File "/usr/lib/python3.10/http/server.py", line 433, in handle
    self.handle_one_request()
  File "/usr/lib/python3.10/http/server.py", line 421, in handle_one_request
    method()
  File "/home/ubuntu/bot-ultra-v4-profissional/bot/dashboard.py", line 351, in do_GET
    self._send_json(payload)
  File "/home/ubuntu/bot-ultra-v4-profissional/bot/dashboard.py", line 35, in _send_json
    self.end_headers()
  File "/usr/lib/python3.10/http/server.py", line 535, in end_headers
    self.flush_headers()
  File "/usr/lib/python3.10/http/server.py", line 539, in flush_headers
    self.wfile.write(b"".join(self._headers_buffer))
  File "/usr/lib/python3.10/socketserver.py", line 826, in write
    self._sock.sendall(b)
ConnectionResetError: [Errno 104] Connection reset by peer
----------------------------------------
----------------------------------------
Exception occurred during processing of request from ('181.77.10.16', 43272)
Traceback (most recent call last):
  File "/usr/lib/python3.10/socketserver.py", line 683, in process_request_thread
    self.finish_request(request, client_address)
  File "/usr/lib/python3.10/socketserver.py", line 360, in finish_request
    self.RequestHandlerClass(request, client_address, self)
  File "/usr/lib/python3.10/socketserver.py", line 747, in __init__
    self.handle()
  File "/usr/lib/python3.10/http/server.py", line 433, in handle
    self.handle_one_request()
  File "/usr/lib/python3.10/http/server.py", line 421, in handle_one_request
    method()
  File "/home/ubuntu/bot-ultra-v4-profissional/bot/dashboard.py", line 351, in do_GET
    self._send_json(payload)
  File "/home/ubuntu/bot-ultra-v4-profissional/bot/dashboard.py", line 35, in _send_json
    self.end_headers()
  File "/usr/lib/python3.10/http/server.py", line 535, in end_headers
    self.flush_headers()
  File "/usr/lib/python3.10/http/server.py", line 539, in flush_headers
    self.wfile.write(b"".join(self._headers_buffer))
  File "/usr/lib/python3.10/socketserver.py", line 826, in write
    self._sock.sendall(b)
ConnectionResetError: [Errno 104] Connection reset by peer
----------------------------------------
----------------------------------------
Exception occurred during processing of request from ('181.77.10.16', 43274)
Traceback (most recent call last):
  File "/usr/lib/python3.10/socketserver.py", line 683, in process_request_thread
    self.finish_request(request, client_address)
  File "/usr/lib/python3.10/socketserver.py", line 360, in finish_request
    self.RequestHandlerClass(request, client_address, self)
  File "/usr/lib/python3.10/socketserver.py", line 747, in __init__
    self.handle()
  File "/usr/lib/python3.10/http/server.py", line 433, in handle
    self.handle_one_request()
  File "/usr/lib/python3.10/http/server.py", line 421, in handle_one_request
    method()
  File "/home/ubuntu/bot-ultra-v4-profissional/bot/dashboard.py", line 351, in do_GET
    self._send_json(payload)
  File "/home/ubuntu/bot-ultra-v4-profissional/bot/dashboard.py", line 35, in _send_json
    self.end_headers()
  File "/usr/lib/python3.10/http/server.py", line 535, in end_headers
    self.flush_headers()
  File "/usr/lib/python3.10/http/server.py", line 539, in flush_headers
    self.wfile.write(b"".join(self._headers_buffer))
  File "/usr/lib/python3.10/socketserver.py", line 826, in write
    self._sock.sendall(b)
ConnectionResetError: [Errno 104] Connection reset by peer
----------------------------------------
----------------------------------------
Exception occurred during processing of request from ('181.77.10.16', 43277)
Traceback (most recent call last):
  File "/usr/lib/python3.10/socketserver.py", line 683, in process_request_thread
    self.finish_request(request, client_address)
  File "/usr/lib/python3.10/socketserver.py", line 360, in finish_request
    self.RequestHandlerClass(request, client_address, self)
  File "/usr/lib/python3.10/socketserver.py", line 747, in __init__
    self.handle()
  File "/usr/lib/python3.10/http/server.py", line 433, in handle
    self.handle_one_request()
  File "/usr/lib/python3.10/http/server.py", line 421, in handle_one_request
    method()
  File "/home/ubuntu/bot-ultra-v4-profissional/bot/dashboard.py", line 351, in do_GET
    self._send_json(payload)
  File "/home/ubuntu/bot-ultra-v4-profissional/bot/dashboard.py", line 35, in _send_json
    self.end_headers()
  File "/usr/lib/python3.10/http/server.py", line 535, in end_headers
    self.flush_headers()
  File "/usr/lib/python3.10/http/server.py", line 539, in flush_headers
    self.wfile.write(b"".join(self._headers_buffer))
  File "/usr/lib/python3.10/socketserver.py", line 826, in write
    self._sock.sendall(b)
ConnectionResetError: [Errno 104] Connection reset by peer
----------------------------------------
----------------------------------------
Exception occurred during processing of request from ('181.77.10.16', 43280)
Traceback (most recent call last):
  File "/usr/lib/python3.10/socketserver.py", line 683, in process_request_thread
    self.finish_request(request, client_address)
  File "/usr/lib/python3.10/socketserver.py", line 360, in finish_request
    self.RequestHandlerClass(request, client_address, self)
  File "/usr/lib/python3.10/socketserver.py", line 747, in __init__
    self.handle()
  File "/usr/lib/python3.10/http/server.py", line 433, in handle
    self.handle_one_request()
  File "/usr/lib/python3.10/http/server.py", line 421, in handle_one_request
    method()
  File "/home/ubuntu/bot-ultra-v4-profissional/bot/dashboard.py", line 351, in do_GET
    self._send_json(payload)
  File "/home/ubuntu/bot-ultra-v4-profissional/bot/dashboard.py", line 35, in _send_json
    self.end_headers()
  File "/usr/lib/python3.10/http/server.py", line 535, in end_headers
    self.flush_headers()
  File "/usr/lib/python3.10/http/server.py", line 539, in flush_headers
    self.wfile.write(b"".join(self._headers_buffer))
  File "/usr/lib/python3.10/socketserver.py", line 826, in write
    self._sock.sendall(b)
ConnectionResetError: [Errno 104] Connection reset by peer
----------------------------------------
2026-03-23 21:20:07 | ERROR | Erro ETHUSDT: API Secret required for private endpoints
2026-03-23 21:20:10 | ERROR | Erro BNBUSDT: API Secret required for private endpoints
2026-03-23 21:20:14 | ERROR | Erro SOLUSDT: API Secret required for private endpoints
2026-03-23 21:20:18 | ERROR | Erro ADAUSDT: API Secret required for private endpoints
2026-03-23 21:21:24 | ERROR | Erro ETHUSDT: API Secret required for private endpoints
2026-03-23 21:21:27 | ERROR | Erro BNBUSDT: API Secret required for private endpoints
2026-03-23 21:21:32 | ERROR | Erro SOLUSDT: API Secret required for private endpoints
2026-03-23 21:21:35 | ERROR | Erro ADAUSDT: API Secret required for private endpoints
2026-03-23 21:22:41 | ERROR | Erro ETHUSDT: API Secret required for private endpoints
2026-03-23 21:22:44 | ERROR | Erro BNBUSDT: API Secret required for private endpoints
2026-03-23 21:22:48 | ERROR | Erro SOLUSDT: API Secret required for private endpoints
2026-03-23 21:22:51 | ERROR | Erro ADAUSDT: API Secret required for private endpoints
2026-03-23 21:23:55 | ERROR | Erro BTCUSDT: API Secret required for private endpoints
2026-03-23 21:23:58 | ERROR | Erro ETHUSDT: API Secret required for private endpoints
2026-03-23 21:24:02 | ERROR | Erro BNBUSDT: API Secret required for private endpoints
2026-03-23 21:24:05 | ERROR | Erro SOLUSDT: API Secret required for private endpoints
2026-03-23 21:24:09 | ERROR | Erro ADAUSDT: API Secret required for private endpoints
2026-03-23 21:25:12 | ERROR | Erro BTCUSDT: API Secret required for private endpoints
2026-03-23 21:25:16 | ERROR | Erro ETHUSDT: API Secret required for private endpoints
2026-03-23 21:25:19 | ERROR | Erro BNBUSDT: API Secret required for private endpoints
2026-03-23 21:25:22 | ERROR | Erro SOLUSDT: API Secret required for private endpoints
2026-03-23 21:25:27 | ERROR | Erro ADAUSDT: API Secret required for private endpoints
2026-03-23 21:26:31 | ERROR | Erro BTCUSDT: API Secret required for private endpoints
2026-03-23 21:26:35 | ERROR | Erro ETHUSDT: API Secret required for private endpoints
2026-03-23 21:26:38 | ERROR | Erro BNBUSDT: API Secret required for private endpoints
2026-03-23 21:26:42 | ERROR | Erro SOLUSDT: API Secret required for private endpoints
2026-03-23 21:26:45 | ERROR | Erro ADAUSDT: API Secret required for private endpoints
2026-03-23 21:27:49 | ERROR | Erro BTCUSDT: API Secret required for private endpoints
2026-03-23 21:27:52 | ERROR | Erro ETHUSDT: API Secret required for private endpoints
2026-03-23 21:27:57 | ERROR | Erro BNBUSDT: API Secret required for private endpoints
2026-03-23 21:28:01 | ERROR | Erro SOLUSDT: API Secret required for private endpoints
2026-03-23 21:28:04 | ERROR | Erro ADAUSDT: API Secret required for private endpoints
2026-03-23 21:29:07 | ERROR | Erro BTCUSDT: API Secret required for private endpoints
2026-03-23 21:29:11 | ERROR | Erro ETHUSDT: API Secret required for private endpoints
2026-03-23 21:29:15 | ERROR | Erro BNBUSDT: API Secret required for private endpoints
2026-03-23 21:29:19 | ERROR | Erro SOLUSDT: API Secret required for private endpoints
2026-03-23 21:29:22 | ERROR | Erro ADAUSDT: API Secret required for private endpoints
2026-03-23 21:30:26 | ERROR | Erro BTCUSDT: API Secret required for private endpoints
2026-03-23 21:30:29 | ERROR | Erro ETHUSDT: API Secret required for private endpoints
2026-03-23 21:30:33 | ERROR | Erro BNBUSDT: API Secret required for private endpoints
2026-03-23 21:30:36 | ERROR | Erro SOLUSDT: API Secret required for private endpoints
2026-03-23 21:30:40 | ERROR | Erro ADAUSDT: API Secret required for private endpoints
2026-03-23 21:31:43 | ERROR | Erro BTCUSDT: API Secret required for private endpoints
2026-03-23 21:31:47 | ERROR | Erro ETHUSDT: API Secret required for private endpoints
2026-03-23 21:31:50 | ERROR | Erro BNBUSDT: API Secret required for private endpoints
2026-03-23 21:31:53 | ERROR | Erro SOLUSDT: API Secret required for private endpoints
2026-03-23 21:31:57 | ERROR | Erro ADAUSDT: API Secret required for private endpoints
2026-03-23 21:33:00 | ERROR | Erro BTCUSDT: API Secret required for private endpoints
2026-03-23 21:33:04 | ERROR | Erro ETHUSDT: API Secret required for private endpoints
2026-03-23 21:33:07 | ERROR | Erro BNBUSDT: API Secret required for private endpoints
2026-03-23 21:33:11 | ERROR | Erro SOLUSDT: API Secret required for private endpoints
2026-03-23 21:33:14 | ERROR | Erro ADAUSDT: API Secret required for private endpoints
2026-03-23 21:34:17 | ERROR | Erro BTCUSDT: API Secret required for private endpoints
2026-03-23 21:34:21 | ERROR | Erro ETHUSDT: API Secret required for private endpoints
----------------------------------------
Exception occurred during processing of request from ('45.79.5.11', 39533)
Traceback (most recent call last):
  File "/usr/lib/python3.10/socketserver.py", line 683, in process_request_thread
    self.finish_request(request, client_address)
  File "/usr/lib/python3.10/socketserver.py", line 360, in finish_request
    self.RequestHandlerClass(request, client_address, self)
  File "/usr/lib/python3.10/socketserver.py", line 747, in __init__
    self.handle()
  File "/usr/lib/python3.10/http/server.py", line 433, in handle
    self.handle_one_request()
  File "/usr/lib/python3.10/http/server.py", line 401, in handle_one_request
    self.raw_requestline = self.rfile.readline(65537)
  File "/usr/lib/python3.10/socket.py", line 705, in readinto
    return self._sock.recv_into(b)
ConnectionResetError: [Errno 104] Connection reset by peer
----------------------------------------
2026-03-23 21:34:24 | ERROR | Erro BNBUSDT: API Secret required for private endpoints
2026-03-23 21:34:27 | ERROR | Erro SOLUSDT: API Secret required for private endpoints
2026-03-23 21:35:32 | ERROR | Erro BTCUSDT: API Secret required for private endpoints
2026-03-23 21:35:37 | ERROR | Erro ETHUSDT: API Secret required for private endpoints
2026-03-23 21:35:40 | ERROR | Erro BNBUSDT: API Secret required for private endpoints
2026-03-23 21:35:44 | ERROR | Erro SOLUSDT: API Secret required for private endpoints
2026-03-23 21:35:48 | ERROR | Erro ADAUSDT: API Secret required for private endpoints
2026-03-23 21:36:51 | ERROR | Erro BTCUSDT: API Secret required for private endpoints
2026-03-23 21:36:56 | ERROR | Erro ETHUSDT: API Secret required for private endpoints
2026-03-23 21:37:01 | ERROR | Erro BNBUSDT: API Secret required for private endpoints
2026-03-23 21:37:05 | ERROR | Erro SOLUSDT: API Secret required for private endpoints
2026-03-23 21:38:10 | ERROR | Erro BTCUSDT: API Secret required for private endpoints
2026-03-23 21:38:13 | ERROR | Erro ETHUSDT: API Secret required for private endpoints
2026-03-23 21:38:16 | ERROR | Erro BNBUSDT: API Secret required for private endpoints
2026-03-23 21:38:22 | ERROR | Erro SOLUSDT: API Secret required for private endpoints
2026-03-23 21:38:26 | ERROR | Erro ADAUSDT: API Secret required for private endpoints
2026-03-23 21:39:30 | ERROR | Erro BTCUSDT: API Secret required for private endpoints
2026-03-23 21:39:33 | ERROR | Erro ETHUSDT: API Secret required for private endpoints
2026-03-23 21:39:37 | ERROR | Erro BNBUSDT: API Secret required for private endpoints
2026-03-23 21:39:41 | ERROR | Erro SOLUSDT: API Secret required for private endpoints
2026-03-23 21:40:46 | ERROR | Erro BTCUSDT: API Secret required for private endpoints
2026-03-23 21:40:49 | ERROR | Erro ETHUSDT: API Secret required for private endpoints
2026-03-23 21:40:53 | ERROR | Erro BNBUSDT: API Secret required for private endpoints
2026-03-23 21:40:57 | ERROR | Erro SOLUSDT: API Secret required for private endpoints
2026-03-23 21:42:02 | ERROR | Erro BTCUSDT: API Secret required for private endpoints
2026-03-23 21:42:05 | ERROR | Erro ETHUSDT: API Secret required for private endpoints
2026-03-23 21:42:08 | ERROR | Erro BNBUSDT: API Secret required for private endpoints
2026-03-23 21:42:12 | ERROR | Erro SOLUSDT: API Secret required for private endpoints
2026-03-23 21:43:17 | ERROR | Erro BTCUSDT: API Secret required for private endpoints
2026-03-23 21:43:20 | ERROR | Erro ETHUSDT: API Secret required for private endpoints
2026-03-23 21:43:23 | ERROR | Erro BNBUSDT: API Secret required for private endpoints
2026-03-23 21:43:27 | ERROR | Erro SOLUSDT: API Secret required for private endpoints
2026-03-23 21:44:32 | ERROR | Erro BTCUSDT: API Secret required for private endpoints
2026-03-23 21:44:35 | ERROR | Erro ETHUSDT: API Secret required for private endpoints
2026-03-23 21:44:40 | ERROR | Erro BNBUSDT: API Secret required for private endpoints
2026-03-23 21:44:43 | ERROR | Erro SOLUSDT: API Secret required for private endpoints
2026-03-23 21:45:48 | ERROR | Erro BTCUSDT: API Secret required for private endpoints
2026-03-23 21:45:52 | ERROR | Erro ETHUSDT: API Secret required for private endpoints
2026-03-23 21:45:55 | ERROR | Erro BNBUSDT: API Secret required for private endpoints
2026-03-23 21:45:58 | ERROR | Erro SOLUSDT: API Secret required for private endpoints
2026-03-23 21:46:02 | ERROR | Erro ADAUSDT: API Secret required for private endpoints
2026-03-23 21:47:06 | ERROR | Erro BTCUSDT: API Secret required for private endpoints
2026-03-23 21:47:10 | ERROR | Erro ETHUSDT: API Secret required for private endpoints
2026-03-23 21:47:13 | ERROR | Erro BNBUSDT: API Secret required for private endpoints
2026-03-23 21:47:17 | ERROR | Erro SOLUSDT: API Secret required for private endpoints
2026-03-23 21:47:21 | ERROR | Erro ADAUSDT: API Secret required for private endpoints
2026-03-23 21:48:24 | ERROR | Erro BTCUSDT: API Secret required for private endpoints
2026-03-23 21:48:28 | ERROR | Erro ETHUSDT: API Secret required for private endpoints
2026-03-23 21:48:31 | ERROR | Erro BNBUSDT: API Secret required for private endpoints
2026-03-23 21:48:34 | ERROR | Erro SOLUSDT: API Secret required for private endpoints
2026-03-23 21:48:38 | ERROR | Erro ADAUSDT: API Secret required for private endpoints
2026-03-23 21:49:41 | ERROR | Erro BTCUSDT: API Secret required for private endpoints
2026-03-23 21:49:44 | ERROR | Erro ETHUSDT: API Secret required for private endpoints
2026-03-23 21:49:48 | ERROR | Erro BNBUSDT: API Secret required for private endpoints
2026-03-23 21:49:51 | ERROR | Erro SOLUSDT: API Secret required for private endpoints
2026-03-23 21:49:55 | ERROR | Erro ADAUSDT: API Secret required for private endpoints
2026-03-23 21:50:58 | ERROR | Erro BTCUSDT: API Secret required for private endpoints
2026-03-23 21:51:02 | ERROR | Erro ETHUSDT: API Secret required for private endpoints
2026-03-23 21:51:05 | ERROR | Erro BNBUSDT: API Secret required for private endpoints
2026-03-23 21:51:09 | ERROR | Erro SOLUSDT: API Secret required for private endpoints
2026-03-23 21:51:12 | ERROR | Erro ADAUSDT: API Secret required for private endpoints
----------------------------------------
Exception occurred during processing of request from ('127.0.0.1', 45596)
Traceback (most recent call last):
  File "/usr/lib/python3.10/socketserver.py", line 683, in process_request_thread
    self.finish_request(request, client_address)
  File "/usr/lib/python3.10/socketserver.py", line 360, in finish_request
    self.RequestHandlerClass(request, client_address, self)
  File "/usr/lib/python3.10/socketserver.py", line 747, in __init__
    self.handle()
  File "/usr/lib/python3.10/http/server.py", line 433, in handle
    self.handle_one_request()
  File "/usr/lib/python3.10/http/server.py", line 421, in handle_one_request
    method()
  File "/home/ubuntu/bot-ultra-v4-profissional/bot/dashboard.py", line 351, in do_GET
    self._send_json(payload)
  File "/home/ubuntu/bot-ultra-v4-profissional/bot/dashboard.py", line 36, in _send_json
    self.wfile.write(body)
  File "/usr/lib/python3.10/socketserver.py", line 826, in write
    self._sock.sendall(b)
BrokenPipeError: [Errno 32] Broken pipe
----------------------------------------
----------------------------------------
Exception occurred during processing of request from ('181.77.10.16', 43280)
Traceback (most recent call last):
  File "/usr/lib/python3.10/socketserver.py", line 683, in process_request_thread
    self.finish_request(request, client_address)
  File "/usr/lib/python3.10/socketserver.py", line 360, in finish_request
    self.RequestHandlerClass(request, client_address, self)
  File "/usr/lib/python3.10/socketserver.py", line 747, in __init__
    self.handle()
  File "/usr/lib/python3.10/http/server.py", line 433, in handle
    self.handle_one_request()
  File "/usr/lib/python3.10/http/server.py", line 421, in handle_one_request
    method()
  File "/home/ubuntu/bot-ultra-v4-profissional/bot/dashboard.py", line 351, in do_GET
    self._send_json(payload)
  File "/home/ubuntu/bot-ultra-v4-profissional/bot/dashboard.py", line 35, in _send_json
    self.end_headers()
  File "/usr/lib/python3.10/http/server.py", line 535, in end_headers
    self.flush_headers()
  File "/usr/lib/python3.10/http/server.py", line 539, in flush_headers
    self.wfile.write(b"".join(self._headers_buffer))
  File "/usr/lib/python3.10/socketserver.py", line 826, in write
    self._sock.sendall(b)
ConnectionResetError: [Errno 104] Connection reset by peer
----------------------------------------
----------------------------------------
Exception occurred during processing of request from ('181.77.10.16', 43284)
Traceback (most recent call last):
  File "/usr/lib/python3.10/socketserver.py", line 683, in process_request_thread
    self.finish_request(request, client_address)
  File "/usr/lib/python3.10/socketserver.py", line 360, in finish_request
    self.RequestHandlerClass(request, client_address, self)
  File "/usr/lib/python3.10/socketserver.py", line 747, in __init__
    self.handle()
  File "/usr/lib/python3.10/http/server.py", line 433, in handle
    self.handle_one_request()
  File "/usr/lib/python3.10/http/server.py", line 421, in handle_one_request
    method()
  File "/home/ubuntu/bot-ultra-v4-profissional/bot/dashboard.py", line 351, in do_GET
    self._send_json(payload)
  File "/home/ubuntu/bot-ultra-v4-profissional/bot/dashboard.py", line 35, in _send_json
    self.end_headers()
  File "/usr/lib/python3.10/http/server.py", line 535, in end_headers
    self.flush_headers()
  File "/usr/lib/python3.10/http/server.py", line 539, in flush_headers
    self.wfile.write(b"".join(self._headers_buffer))
  File "/usr/lib/python3.10/socketserver.py", line 826, in write
    self._sock.sendall(b)
ConnectionResetError: [Errno 104] Connection reset by peer
----------------------------------------
----------------------------------------
Exception occurred during processing of request from ('181.77.10.16', 43287)
Traceback (most recent call last):
  File "/usr/lib/python3.10/socketserver.py", line 683, in process_request_thread
    self.finish_request(request, client_address)
  File "/usr/lib/python3.10/socketserver.py", line 360, in finish_request
    self.RequestHandlerClass(request, client_address, self)
  File "/usr/lib/python3.10/socketserver.py", line 747, in __init__
    self.handle()
  File "/usr/lib/python3.10/http/server.py", line 433, in handle
    self.handle_one_request()
  File "/usr/lib/python3.10/http/server.py", line 421, in handle_one_request
    method()
  File "/home/ubuntu/bot-ultra-v4-profissional/bot/dashboard.py", line 351, in do_GET
    self._send_json(payload)
  File "/home/ubuntu/bot-ultra-v4-profissional/bot/dashboard.py", line 35, in _send_json
    self.end_headers()
  File "/usr/lib/python3.10/http/server.py", line 535, in end_headers
    self.flush_headers()
  File "/usr/lib/python3.10/http/server.py", line 539, in flush_headers
    self.wfile.write(b"".join(self._headers_buffer))
  File "/usr/lib/python3.10/socketserver.py", line 826, in write
    self._sock.sendall(b)
ConnectionResetError: [Errno 104] Connection reset by peer
----------------------------------------
----------------------------------------
Exception occurred during processing of request from ('181.77.10.16', 43285)
Traceback (most recent call last):
  File "/usr/lib/python3.10/socketserver.py", line 683, in process_request_thread
    self.finish_request(request, client_address)
  File "/usr/lib/python3.10/socketserver.py", line 360, in finish_request
    self.RequestHandlerClass(request, client_address, self)
  File "/usr/lib/python3.10/socketserver.py", line 747, in __init__
    self.handle()
  File "/usr/lib/python3.10/http/server.py", line 433, in handle
    self.handle_one_request()
  File "/usr/lib/python3.10/http/server.py", line 421, in handle_one_request
    method()
  File "/home/ubuntu/bot-ultra-v4-profissional/bot/dashboard.py", line 351, in do_GET
    self._send_json(payload)
  File "/home/ubuntu/bot-ultra-v4-profissional/bot/dashboard.py", line 35, in _send_json
    self.end_headers()
  File "/usr/lib/python3.10/http/server.py", line 535, in end_headers
    self.flush_headers()
  File "/usr/lib/python3.10/http/server.py", line 539, in flush_headers
    self.wfile.write(b"".join(self._headers_buffer))
  File "/usr/lib/python3.10/socketserver.py", line 826, in write
    self._sock.sendall(b)
ConnectionResetError: [Errno 104] Connection reset by peer
----------------------------------------
----------------------------------------
Exception occurred during processing of request from ('181.77.10.16', 43286)
Traceback (most recent call last):
  File "/usr/lib/python3.10/socketserver.py", line 683, in process_request_thread
    self.finish_request(request, client_address)
  File "/usr/lib/python3.10/socketserver.py", line 360, in finish_request
    self.RequestHandlerClass(request, client_address, self)
  File "/usr/lib/python3.10/socketserver.py", line 747, in __init__
    self.handle()
  File "/usr/lib/python3.10/http/server.py", line 433, in handle
    self.handle_one_request()
  File "/usr/lib/python3.10/http/server.py", line 421, in handle_one_request
    method()
  File "/home/ubuntu/bot-ultra-v4-profissional/bot/dashboard.py", line 351, in do_GET
    self._send_json(payload)
  File "/home/ubuntu/bot-ultra-v4-profissional/bot/dashboard.py", line 35, in _send_json
    self.end_headers()
  File "/usr/lib/python3.10/http/server.py", line 535, in end_headers
    self.flush_headers()
  File "/usr/lib/python3.10/http/server.py", line 539, in flush_headers
    self.wfile.write(b"".join(self._headers_buffer))
  File "/usr/lib/python3.10/socketserver.py", line 826, in write
    self._sock.sendall(b)
ConnectionResetError: [Errno 104] Connection reset by peer
----------------------------------------
2026-03-23 21:52:13 | INFO | 📰 News final: 3 notícias | score=0.0 | Neutro | fear_news=50 (Neutro)
2026-03-23 21:52:14 | INFO | 📊 Fear & Greed combinado: 23 (Extreme Fear) | alt=8 (Extreme Fear) | news=50 (Neutro)
2026-03-23 21:52:16 | ERROR | Erro BTCUSDT: API Secret required for private endpoints
2026-03-23 21:52:19 | ERROR | Erro ETHUSDT: API Secret required for private endpoints
2026-03-23 21:52:23 | ERROR | Erro BNBUSDT: API Secret required for private endpoints
2026-03-23 21:52:27 | ERROR | Erro SOLUSDT: API Secret required for private endpoints
2026-03-23 21:52:30 | ERROR | Erro ADAUSDT: API Secret required for private endpoints
----------------------------------------
Exception occurred during processing of request from ('127.0.0.1', 46846)
Traceback (most recent call last):
  File "/usr/lib/python3.10/socketserver.py", line 683, in process_request_thread
    self.finish_request(request, client_address)
  File "/usr/lib/python3.10/socketserver.py", line 360, in finish_request
    self.RequestHandlerClass(request, client_address, self)
  File "/usr/lib/python3.10/socketserver.py", line 747, in __init__
    self.handle()
  File "/usr/lib/python3.10/http/server.py", line 433, in handle
    self.handle_one_request()
  File "/usr/lib/python3.10/http/server.py", line 421, in handle_one_request
    method()
  File "/home/ubuntu/bot-ultra-v4-profissional/bot/dashboard.py", line 351, in do_GET
    self._send_json(payload)
  File "/home/ubuntu/bot-ultra-v4-profissional/bot/dashboard.py", line 36, in _send_json
    self.wfile.write(body)
  File "/usr/lib/python3.10/socketserver.py", line 826, in write
    self._sock.sendall(b)
BrokenPipeError: [Errno 32] Broken pipe
----------------------------------------
2026-03-23 21:53:44 | ERROR | Erro BTCUSDT: API Secret required for private endpoints
----------------------------------------
Exception occurred during processing of request from ('181.77.10.16', 43265)
Traceback (most recent call last):
  File "/usr/lib/python3.10/socketserver.py", line 683, in process_request_thread
    self.finish_request(request, client_address)
  File "/usr/lib/python3.10/socketserver.py", line 360, in finish_request
    self.RequestHandlerClass(request, client_address, self)
  File "/usr/lib/python3.10/socketserver.py", line 747, in __init__
    self.handle()
  File "/usr/lib/python3.10/http/server.py", line 433, in handle
    self.handle_one_request()
  File "/usr/lib/python3.10/http/server.py", line 421, in handle_one_request
    method()
  File "/home/ubuntu/bot-ultra-v4-profissional/bot/dashboard.py", line 351, in do_GET
    self._send_json(payload)
  File "/home/ubuntu/bot-ultra-v4-profissional/bot/dashboard.py", line 35, in _send_json
    self.end_headers()
  File "/usr/lib/python3.10/http/server.py", line 535, in end_headers
    self.flush_headers()
  File "/usr/lib/python3.10/http/server.py", line 539, in flush_headers
    self.wfile.write(b"".join(self._headers_buffer))
  File "/usr/lib/python3.10/socketserver.py", line 826, in write
    self._sock.sendall(b)
ConnectionResetError: [Errno 104] Connection reset by peer
----------------------------------------
----------------------------------------
Exception occurred during processing of request from ('181.77.10.16', 43272)
Traceback (most recent call last):
  File "/usr/lib/python3.10/socketserver.py", line 683, in process_request_thread
    self.finish_request(request, client_address)
  File "/usr/lib/python3.10/socketserver.py", line 360, in finish_request
    self.RequestHandlerClass(request, client_address, self)
  File "/usr/lib/python3.10/socketserver.py", line 747, in __init__
    self.handle()
  File "/usr/lib/python3.10/http/server.py", line 433, in handle
    self.handle_one_request()
  File "/usr/lib/python3.10/http/server.py", line 421, in handle_one_request
    method()
  File "/home/ubuntu/bot-ultra-v4-profissional/bot/dashboard.py", line 351, in do_GET
    self._send_json(payload)
  File "/home/ubuntu/bot-ultra-v4-profissional/bot/dashboard.py", line 35, in _send_json
    self.end_headers()
  File "/usr/lib/python3.10/http/server.py", line 535, in end_headers
    self.flush_headers()
  File "/usr/lib/python3.10/http/server.py", line 539, in flush_headers
    self.wfile.write(b"".join(self._headers_buffer))
  File "/usr/lib/python3.10/socketserver.py", line 826, in write
    self._sock.sendall(b)
ConnectionResetError: [Errno 104] Connection reset by peer
----------------------------------------
2026-03-23 21:53:47 | ERROR | Erro ETHUSDT: API Secret required for private endpoints
----------------------------------------
Exception occurred during processing of request from ('181.77.10.16', 43264)
Traceback (most recent call last):
  File "/usr/lib/python3.10/socketserver.py", line 683, in process_request_thread
    self.finish_request(request, client_address)
  File "/usr/lib/python3.10/socketserver.py", line 360, in finish_request
    self.RequestHandlerClass(request, client_address, self)
  File "/usr/lib/python3.10/socketserver.py", line 747, in __init__
    self.handle()
  File "/usr/lib/python3.10/http/server.py", line 433, in handle
    self.handle_one_request()
  File "/usr/lib/python3.10/http/server.py", line 421, in handle_one_request
    method()
  File "/home/ubuntu/bot-ultra-v4-profissional/bot/dashboard.py", line 351, in do_GET
    self._send_json(payload)
  File "/home/ubuntu/bot-ultra-v4-profissional/bot/dashboard.py", line 35, in _send_json
    self.end_headers()
  File "/usr/lib/python3.10/http/server.py", line 535, in end_headers
    self.flush_headers()
  File "/usr/lib/python3.10/http/server.py", line 539, in flush_headers
    self.wfile.write(b"".join(self._headers_buffer))
  File "/usr/lib/python3.10/socketserver.py", line 826, in write
    self._sock.sendall(b)
ConnectionResetError: [Errno 104] Connection reset by peer
----------------------------------------
----------------------------------------
Exception occurred during processing of request from ('181.77.10.16', 43274)
Traceback (most recent call last):
  File "/usr/lib/python3.10/socketserver.py", line 683, in process_request_thread
    self.finish_request(request, client_address)
  File "/usr/lib/python3.10/socketserver.py", line 360, in finish_request
    self.RequestHandlerClass(request, client_address, self)
  File "/usr/lib/python3.10/socketserver.py", line 747, in __init__
    self.handle()
  File "/usr/lib/python3.10/http/server.py", line 433, in handle
    self.handle_one_request()
  File "/usr/lib/python3.10/http/server.py", line 421, in handle_one_request
    method()
  File "/home/ubuntu/bot-ultra-v4-profissional/bot/dashboard.py", line 351, in do_GET
    self._send_json(payload)
  File "/home/ubuntu/bot-ultra-v4-profissional/bot/dashboard.py", line 35, in _send_json
    self.end_headers()
  File "/usr/lib/python3.10/http/server.py", line 535, in end_headers
    self.flush_headers()
  File "/usr/lib/python3.10/http/server.py", line 539, in flush_headers
    self.wfile.write(b"".join(self._headers_buffer))
  File "/usr/lib/python3.10/socketserver.py", line 826, in write
    self._sock.sendall(b)
ConnectionResetError: [Errno 104] Connection reset by peer
----------------------------------------
----------------------------------------
Exception occurred during processing of request from ('181.77.10.16', 43275)
Traceback (most recent call last):
  File "/usr/lib/python3.10/socketserver.py", line 683, in process_request_thread
    self.finish_request(request, client_address)
  File "/usr/lib/python3.10/socketserver.py", line 360, in finish_request
    self.RequestHandlerClass(request, client_address, self)
  File "/usr/lib/python3.10/socketserver.py", line 747, in __init__
    self.handle()
  File "/usr/lib/python3.10/http/server.py", line 433, in handle
    self.handle_one_request()
  File "/usr/lib/python3.10/http/server.py", line 421, in handle_one_request
    method()
  File "/home/ubuntu/bot-ultra-v4-profissional/bot/dashboard.py", line 351, in do_GET
    self._send_json(payload)
  File "/home/ubuntu/bot-ultra-v4-profissional/bot/dashboard.py", line 35, in _send_json
    self.end_headers()
  File "/usr/lib/python3.10/http/server.py", line 535, in end_headers
    self.flush_headers()
  File "/usr/lib/python3.10/http/server.py", line 539, in flush_headers
    self.wfile.write(b"".join(self._headers_buffer))
  File "/usr/lib/python3.10/socketserver.py", line 826, in write
    self._sock.sendall(b)
ConnectionResetError: [Errno 104] Connection reset by peer
----------------------------------------
2026-03-23 21:53:51 | ERROR | Erro BNBUSDT: API Secret required for private endpoints
2026-03-23 21:53:54 | ERROR | Erro SOLUSDT: API Secret required for private endpoints
2026-03-23 21:53:58 | ERROR | Erro ADAUSDT: API Secret required for private endpoints
2026-03-23 21:55:01 | ERROR | Erro BTCUSDT: API Secret required for private endpoints
2026-03-23 21:55:05 | ERROR | Erro ETHUSDT: API Secret required for private endpoints
2026-03-23 21:55:08 | ERROR | Erro BNBUSDT: API Secret required for private endpoints
2026-03-23 21:55:12 | ERROR | Erro SOLUSDT: API Secret required for private endpoints
2026-03-23 21:55:16 | ERROR | Erro ADAUSDT: API Secret required for private endpoints
2026-03-23 21:56:20 | ERROR | Erro BTCUSDT: API Secret required for private endpoints
2026-03-23 21:56:23 | ERROR | Erro ETHUSDT: API Secret required for private endpoints
2026-03-23 21:56:27 | ERROR | Erro BNBUSDT: API Secret required for private endpoints
2026-03-23 21:56:30 | ERROR | Erro SOLUSDT: API Secret required for private endpoints
2026-03-23 21:56:34 | ERROR | Erro ADAUSDT: API Secret required for private endpoints
2026-03-23 21:57:38 | ERROR | Erro BTCUSDT: API Secret required for private endpoints
2026-03-23 21:57:44 | ERROR | Erro ETHUSDT: API Secret required for private endpoints
2026-03-23 21:57:47 | ERROR | Erro BNBUSDT: API Secret required for private endpoints
2026-03-23 21:57:51 | ERROR | Erro SOLUSDT: API Secret required for private endpoints
2026-03-23 21:57:56 | ERROR | Erro ADAUSDT: API Secret required for private endpoints
2026-03-23 21:59:00 | ERROR | Erro BTCUSDT: API Secret required for private endpoints
2026-03-23 21:59:03 | ERROR | Erro ETHUSDT: API Secret required for private endpoints
2026-03-23 21:59:08 | ERROR | Erro BNBUSDT: API Secret required for private endpoints
2026-03-23 21:59:11 | ERROR | Erro SOLUSDT: API Secret required for private endpoints
2026-03-23 21:59:15 | ERROR | Erro ADAUSDT: API Secret required for private endpoints
2026-03-23 22:00:19 | ERROR | Erro BTCUSDT: API Secret required for private endpoints
2026-03-23 22:00:22 | ERROR | Erro ETHUSDT: API Secret required for private endpoints
2026-03-23 22:00:25 | ERROR | Erro BNBUSDT: API Secret required for private endpoints
2026-03-23 22:00:29 | ERROR | Erro SOLUSDT: API Secret required for private endpoints
2026-03-23 22:00:34 | ERROR | Erro ADAUSDT: API Secret required for private endpoints
2026-03-23 22:01:39 | ERROR | Erro ETHUSDT: API Secret required for private endpoints
2026-03-23 22:01:43 | ERROR | Erro BNBUSDT: API Secret required for private endpoints
2026-03-23 22:01:46 | ERROR | Erro SOLUSDT: API Secret required for private endpoints
2026-03-23 22:01:50 | ERROR | Erro ADAUSDT: API Secret required for private endpoints
2026-03-23 22:02:55 | ERROR | Erro ETHUSDT: API Secret required for private endpoints
2026-03-23 22:02:59 | ERROR | Erro BNBUSDT: API Secret required for private endpoints
2026-03-23 22:03:02 | ERROR | Erro SOLUSDT: API Secret required for private endpoints
2026-03-23 22:03:06 | ERROR | Erro ADAUSDT: API Secret required for private endpoints
2026-03-23 22:04:11 | ERROR | Erro ETHUSDT: API Secret required for private endpoints
2026-03-23 22:04:15 | ERROR | Erro BNBUSDT: API Secret required for private endpoints
2026-03-23 22:04:19 | ERROR | Erro SOLUSDT: API Secret required for private endpoints
2026-03-23 22:05:25 | ERROR | Erro BTCUSDT: API Secret required for private endpoints
2026-03-23 22:05:28 | ERROR | Erro ETHUSDT: API Secret required for private endpoints
2026-03-23 22:05:32 | ERROR | Erro BNBUSDT: API Secret required for private endpoints
2026-03-23 22:05:35 | ERROR | Erro SOLUSDT: API Secret required for private endpoints
2026-03-23 22:06:41 | ERROR | Erro BTCUSDT: API Secret required for private endpoints
2026-03-23 22:06:44 | ERROR | Erro ETHUSDT: API Secret required for private endpoints
2026-03-23 22:06:48 | ERROR | Erro BNBUSDT: API Secret required for private endpoints
2026-03-23 22:06:51 | ERROR | Erro SOLUSDT: API Secret required for private endpoints
2026-03-23 22:07:56 | ERROR | Erro BTCUSDT: API Secret required for private endpoints
2026-03-23 22:08:00 | ERROR | Erro ETHUSDT: API Secret required for private endpoints
2026-03-23 22:08:03 | ERROR | Erro BNBUSDT: API Secret required for private endpoints
2026-03-23 22:08:07 | ERROR | Erro SOLUSDT: API Secret required for private endpoints
2026-03-23 22:09:13 | ERROR | Erro BTCUSDT: API Secret required for private endpoints
2026-03-23 22:09:17 | ERROR | Erro ETHUSDT: API Secret required for private endpoints
2026-03-23 22:09:21 | ERROR | Erro BNBUSDT: API Secret required for private endpoints
2026-03-23 22:09:24 | ERROR | Erro SOLUSDT: API Secret required for private endpoints
2026-03-23 22:10:29 | ERROR | Erro BTCUSDT: API Secret required for private endpoints
2026-03-23 22:10:33 | ERROR | Erro ETHUSDT: API Secret required for private endpoints
2026-03-23 22:10:36 | ERROR | Erro BNBUSDT: API Secret required for private endpoints
2026-03-23 22:10:40 | ERROR | Erro SOLUSDT: API Secret required for private endpoints
2026-03-23 22:10:44 | ERROR | Erro ADAUSDT: API Secret required for private endpoints
2026-03-23 22:11:47 | ERROR | Erro BTCUSDT: API Secret required for private endpoints
2026-03-23 22:11:51 | ERROR | Erro ETHUSDT: API Secret required for private endpoints
2026-03-23 22:11:54 | ERROR | Erro BNBUSDT: API Secret required for private endpoints
2026-03-23 22:11:58 | ERROR | Erro SOLUSDT: API Secret required for private endpoints
2026-03-23 22:12:01 | ERROR | Erro ADAUSDT: API Secret required for private endpoints
2026-03-23 22:13:04 | ERROR | Erro BTCUSDT: API Secret required for private endpoints
2026-03-23 22:13:08 | ERROR | Erro ETHUSDT: API Secret required for private endpoints
2026-03-23 22:13:12 | ERROR | Erro BNBUSDT: API Secret required for private endpoints
2026-03-23 22:13:15 | ERROR | Erro SOLUSDT: API Secret required for private endpoints
2026-03-23 22:13:19 | ERROR | Erro ADAUSDT: API Secret required for private endpoints
2026-03-23 22:14:22 | ERROR | Erro BTCUSDT: API Secret required for private endpoints
2026-03-23 22:14:26 | ERROR | Erro ETHUSDT: API Secret required for private endpoints
2026-03-23 22:14:30 | ERROR | Erro BNBUSDT: API Secret required for private endpoints
2026-03-23 22:14:33 | ERROR | Erro SOLUSDT: API Secret required for private endpoints
2026-03-23 22:14:37 | ERROR | Erro ADAUSDT: API Secret required for private endpoints
2026-03-23 22:15:40 | ERROR | Erro BTCUSDT: API Secret required for private endpoints
2026-03-23 22:15:44 | ERROR | Erro ETHUSDT: API Secret required for private endpoints
2026-03-23 22:15:47 | ERROR | Erro BNBUSDT: API Secret required for private endpoints
2026-03-23 22:15:51 | ERROR | Erro SOLUSDT: API Secret required for private endpoints
2026-03-23 22:15:55 | ERROR | Erro ADAUSDT: API Secret required for private endpoints
2026-03-23 22:16:59 | ERROR | Erro BTCUSDT: API Secret required for private endpoints
2026-03-23 22:17:04 | ERROR | Erro ETHUSDT: API Secret required for private endpoints
2026-03-23 22:17:07 | ERROR | Erro BNBUSDT: API Secret required for private endpoints
2026-03-23 22:17:12 | ERROR | Erro SOLUSDT: API Secret required for private endpoints
2026-03-23 22:17:16 | ERROR | Erro ADAUSDT: API Secret required for private endpoints
2026-03-23 22:18:23 | ERROR | Erro BTCUSDT: API Secret required for private endpoints
2026-03-23 22:18:26 | ERROR | Erro ETHUSDT: API Secret required for private endpoints
2026-03-23 22:18:30 | ERROR | Erro BNBUSDT: API Secret required for private endpoints
2026-03-23 22:18:33 | ERROR | Erro SOLUSDT: API Secret required for private endpoints
2026-03-23 22:18:37 | ERROR | Erro ADAUSDT: API Secret required for private endpoints
2026-03-23 22:19:40 | ERROR | Erro BTCUSDT: API Secret required for private endpoints
2026-03-23 22:19:44 | ERROR | Erro ETHUSDT: API Secret required for private endpoints
2026-03-23 22:19:48 | ERROR | Erro BNBUSDT: API Secret required for private endpoints
2026-03-23 22:19:51 | ERROR | Erro SOLUSDT: API Secret required for private endpoints
2026-03-23 22:19:55 | ERROR | Erro ADAUSDT: API Secret required for private endpoints
2026-03-23 22:20:58 | ERROR | Erro BTCUSDT: API Secret required for private endpoints
2026-03-23 22:21:02 | ERROR | Erro ETHUSDT: API Secret required for private endpoints
2026-03-23 22:21:05 | ERROR | Erro BNBUSDT: API Secret required for private endpoints
2026-03-23 22:21:08 | ERROR | Erro SOLUSDT: API Secret required for private endpoints
2026-03-23 22:21:14 | ERROR | Erro ADAUSDT: API Secret required for private endpoints
2026-03-23 22:22:18 | ERROR | Erro BTCUSDT: API Secret required for private endpoints
2026-03-23 22:22:21 | ERROR | Erro ETHUSDT: API Secret required for private endpoints
2026-03-23 22:22:24 | ERROR | Erro BNBUSDT: API Secret required for private endpoints
2026-03-23 22:22:28 | ERROR | Erro SOLUSDT: API Secret required for private endpoints
2026-03-23 22:22:31 | ERROR | Erro ADAUSDT: API Secret required for private endpoints
2026-03-23 22:23:35 | ERROR | Erro BTCUSDT: API Secret required for private endpoints
2026-03-23 22:23:39 | ERROR | Erro ETHUSDT: API Secret required for private endpoints
2026-03-23 22:23:42 | ERROR | Erro BNBUSDT: API Secret required for private endpoints
2026-03-23 22:23:46 | ERROR | Erro SOLUSDT: API Secret required for private endpoints
2026-03-23 22:23:50 | ERROR | Erro ADAUSDT: API Secret required for private endpoints
2026-03-23 22:24:53 | ERROR | Erro BTCUSDT: API Secret required for private endpoints
2026-03-23 22:24:57 | ERROR | Erro ETHUSDT: API Secret required for private endpoints
2026-03-23 22:25:00 | ERROR | Erro BNBUSDT: API Secret required for private endpoints
2026-03-23 22:25:04 | ERROR | Erro SOLUSDT: API Secret required for private endpoints
2026-03-23 22:25:08 | ERROR | Erro ADAUSDT: API Secret required for private endpoints
2026-03-23 22:26:11 | ERROR | Erro BTCUSDT: API Secret required for private endpoints
2026-03-23 22:26:15 | ERROR | Erro ETHUSDT: API Secret required for private endpoints
2026-03-23 22:26:19 | ERROR | Erro BNBUSDT: API Secret required for private endpoints
2026-03-23 22:26:23 | ERROR | Erro SOLUSDT: API Secret required for private endpoints
2026-03-23 22:26:27 | ERROR | Erro ADAUSDT: API Secret required for private endpoints
2026-03-23 22:27:30 | ERROR | Erro BTCUSDT: API Secret required for private endpoints
2026-03-23 22:27:34 | ERROR | Erro ETHUSDT: API Secret required for private endpoints
2026-03-23 22:27:38 | ERROR | Erro BNBUSDT: API Secret required for private endpoints
2026-03-23 22:27:42 | ERROR | Erro SOLUSDT: API Secret required for private endpoints
2026-03-23 22:27:45 | ERROR | Erro ADAUSDT: API Secret required for private endpoints
2026-03-23 22:28:48 | ERROR | Erro BTCUSDT: API Secret required for private endpoints
2026-03-23 22:28:52 | ERROR | Erro ETHUSDT: API Secret required for private endpoints
2026-03-23 22:29:00 | ERROR | Falha override capital Bybit no dashboard: Bybit GET erro: {'retCode': 10002, 'retMsg': 'invalid request, please check your server timestamp or recv_window param: req_timestamp[1774304934925],server_timestamp[1774304940200],recv_window[5000]', 'result': {}, 'retExtInfo': {}, 'time': 1774304940200}
----------------------------------------
Exception occurred during processing of request from ('127.0.0.1', 33980)
Traceback (most recent call last):
  File "/usr/lib/python3.10/socketserver.py", line 683, in process_request_thread
    self.finish_request(request, client_address)
  File "/usr/lib/python3.10/socketserver.py", line 360, in finish_request
    self.RequestHandlerClass(request, client_address, self)
  File "/usr/lib/python3.10/socketserver.py", line 747, in __init__
    self.handle()
  File "/usr/lib/python3.10/http/server.py", line 433, in handle
    self.handle_one_request()
  File "/usr/lib/python3.10/http/server.py", line 421, in handle_one_request
    method()
  File "/home/ubuntu/bot-ultra-v4-profissional/bot/dashboard.py", line 351, in do_GET
    self._send_json(payload)
  File "/home/ubuntu/bot-ultra-v4-profissional/bot/dashboard.py", line 36, in _send_json
    self.wfile.write(body)
  File "/usr/lib/python3.10/socketserver.py", line 826, in write
    self._sock.sendall(b)
BrokenPipeError: [Errno 32] Broken pipe
----------------------------------------
2026-03-23 22:29:02 | ERROR | Erro BNBUSDT: API Secret required for private endpoints
2026-03-23 22:29:05 | ERROR | Erro SOLUSDT: API Secret required for private endpoints
2026-03-23 22:29:09 | ERROR | Erro ADAUSDT: API Secret required for private endpoints
2026-03-23 22:30:14 | ERROR | Erro ETHUSDT: API Secret required for private endpoints
2026-03-23 22:30:18 | ERROR | Erro BNBUSDT: API Secret required for private endpoints
2026-03-23 22:30:21 | ERROR | Erro SOLUSDT: API Secret required for private endpoints
2026-03-23 22:30:24 | ERROR | Erro ADAUSDT: API Secret required for private endpoints
2026-03-23 22:31:26 | INFO | 📰 News final: 3 notícias | score=0.0 | Neutro | fear_news=50 (Neutro)
2026-03-23 22:31:26 | INFO | 📊 Fear & Greed combinado: 23 (Extreme Fear) | alt=8 (Extreme Fear) | news=50 (Neutro)
2026-03-23 22:31:32 | ERROR | Erro ETHUSDT: API Secret required for private endpoints
2026-03-23 22:31:35 | ERROR | Erro BNBUSDT: API Secret required for private endpoints
2026-03-23 22:31:38 | ERROR | Erro SOLUSDT: API Secret required for private endpoints
2026-03-23 22:31:42 | ERROR | Erro ADAUSDT: API Secret required for private endpoints
2026-03-23 22:32:48 | ERROR | Erro ETHUSDT: API Secret required for private endpoints
2026-03-23 22:32:53 | ERROR | Erro SOLUSDT: API Secret required for private endpoints
2026-03-23 22:32:57 | ERROR | Erro ADAUSDT: API Secret required for private endpoints
----------------------------------------
Exception occurred during processing of request from ('45.79.5.11', 34475)
Traceback (most recent call last):
  File "/usr/lib/python3.10/socketserver.py", line 683, in process_request_thread
    self.finish_request(request, client_address)
  File "/usr/lib/python3.10/socketserver.py", line 360, in finish_request
    self.RequestHandlerClass(request, client_address, self)
  File "/usr/lib/python3.10/socketserver.py", line 747, in __init__
    self.handle()
  File "/usr/lib/python3.10/http/server.py", line 433, in handle
    self.handle_one_request()
  File "/usr/lib/python3.10/http/server.py", line 401, in handle_one_request
    self.raw_requestline = self.rfile.readline(65537)
  File "/usr/lib/python3.10/socket.py", line 705, in readinto
    return self._sock.recv_into(b)
ConnectionResetError: [Errno 104] Connection reset by peer
----------------------------------------
2026-03-23 22:34:03 | ERROR | Erro ETHUSDT: API Secret required for private endpoints
2026-03-23 22:34:08 | ERROR | Erro SOLUSDT: API Secret required for private endpoints
2026-03-23 22:34:12 | ERROR | Erro ADAUSDT: API Secret required for private endpoints
2026-03-23 22:35:18 | ERROR | Erro ETHUSDT: API Secret required for private endpoints
2026-03-23 22:35:21 | ERROR | Erro BNBUSDT: API Secret required for private endpoints
2026-03-23 22:35:25 | ERROR | Erro SOLUSDT: API Secret required for private endpoints
2026-03-23 22:35:30 | ERROR | Erro ADAUSDT: API Secret required for private endpoints
2026-03-23 22:36:35 | ERROR | Erro ETHUSDT: API Secret required for private endpoints
2026-03-23 22:36:38 | ERROR | Erro BNBUSDT: API Secret required for private endpoints
2026-03-23 22:36:42 | ERROR | Erro SOLUSDT: API Secret required for private endpoints
2026-03-23 22:36:45 | ERROR | Erro ADAUSDT: API Secret required for private endpoints
2026-03-23 22:37:51 | ERROR | Erro ETHUSDT: API Secret required for private endpoints
2026-03-23 22:37:54 | ERROR | Erro BNBUSDT: API Secret required for private endpoints
2026-03-23 22:37:58 | ERROR | Erro SOLUSDT: API Secret required for private endpoints
2026-03-23 22:38:02 | ERROR | Erro ADAUSDT: API Secret required for private endpoints
2026-03-23 22:39:07 | ERROR | Erro ETHUSDT: API Secret required for private endpoints
2026-03-23 22:39:11 | ERROR | Erro BNBUSDT: API Secret required for private endpoints
2026-03-23 22:39:14 | ERROR | Erro SOLUSDT: API Secret required for private endpoints
2026-03-23 22:39:18 | ERROR | Erro ADAUSDT: API Secret required for private endpoints
2026-03-23 22:40:23 | ERROR | Erro ETHUSDT: API Secret required for private endpoints
2026-03-23 22:40:26 | ERROR | Erro BNBUSDT: API Secret required for private endpoints
2026-03-23 22:40:29 | ERROR | Erro SOLUSDT: API Secret required for private endpoints
2026-03-23 22:40:34 | ERROR | Erro ADAUSDT: API Secret required for private endpoints
2026-03-23 22:41:40 | ERROR | Erro ETHUSDT: API Secret required for private endpoints
2026-03-23 22:41:44 | ERROR | Erro BNBUSDT: API Secret required for private endpoints
2026-03-23 22:41:49 | ERROR | Erro SOLUSDT: API Secret required for private endpoints
2026-03-23 22:41:52 | ERROR | Erro ADAUSDT: API Secret required for private endpoints
2026-03-23 22:42:57 | ERROR | Erro ETHUSDT: API Secret required for private endpoints
2026-03-23 22:43:01 | ERROR | Erro BNBUSDT: API Secret required for private endpoints
2026-03-23 22:43:05 | ERROR | Erro SOLUSDT: API Secret required for private endpoints
2026-03-23 22:43:09 | ERROR | Erro ADAUSDT: API Secret required for private endpoints
2026-03-23 22:44:14 | ERROR | Erro ETHUSDT: API Secret required for private endpoints
2026-03-23 22:44:17 | ERROR | Erro BNBUSDT: API Secret required for private endpoints
2026-03-23 22:44:21 | ERROR | Erro SOLUSDT: API Secret required for private endpoints
2026-03-23 22:44:24 | ERROR | Erro ADAUSDT: API Secret required for private endpoints
2026-03-23 22:45:30 | ERROR | Erro ETHUSDT: API Secret required for private endpoints
2026-03-23 22:45:35 | ERROR | Erro SOLUSDT: API Secret required for private endpoints
2026-03-23 22:45:39 | ERROR | Erro ADAUSDT: API Secret required for private endpoints
2026-03-23 22:46:44 | ERROR | Erro ETHUSDT: API Secret required for private endpoints
2026-03-23 22:46:48 | ERROR | Erro BNBUSDT: API Secret required for private endpoints
2026-03-23 22:46:52 | ERROR | Erro SOLUSDT: API Secret required for private endpoints
2026-03-23 22:46:55 | ERROR | Erro ADAUSDT: API Secret required for private endpoints
2026-03-23 22:48:01 | ERROR | Erro ETHUSDT: API Secret required for private endpoints
2026-03-23 22:48:04 | ERROR | Erro BNBUSDT: API Secret required for private endpoints
2026-03-23 22:48:07 | ERROR | Erro SOLUSDT: API Secret required for private endpoints
2026-03-23 22:48:12 | ERROR | Erro ADAUSDT: API Secret required for private endpoints
2026-03-23 22:49:18 | ERROR | Erro ETHUSDT: API Secret required for private endpoints
2026-03-23 22:49:21 | ERROR | Erro BNBUSDT: API Secret required for private endpoints
2026-03-23 22:49:25 | ERROR | Erro SOLUSDT: API Secret required for private endpoints
2026-03-23 22:49:28 | ERROR | Erro ADAUSDT: API Secret required for private endpoints
2026-03-23 22:50:34 | ERROR | Erro ETHUSDT: API Secret required for private endpoints
2026-03-23 22:50:38 | ERROR | Erro BNBUSDT: API Secret required for private endpoints
2026-03-23 22:50:42 | ERROR | Erro SOLUSDT: API Secret required for private endpoints
2026-03-23 22:50:48 | ERROR | Erro ADAUSDT: API Secret required for private endpoints
2026-03-23 22:51:53 | ERROR | Erro ETHUSDT: API Secret required for private endpoints
2026-03-23 22:51:56 | ERROR | Erro BNBUSDT: API Secret required for private endpoints
2026-03-23 22:52:00 | ERROR | Erro SOLUSDT: API Secret required for private endpoints
2026-03-23 22:52:03 | ERROR | Erro ADAUSDT: API Secret required for private endpoints
----------------------------------------
Exception occurred during processing of request from ('61.26.174.69', 44998)
Traceback (most recent call last):
  File "/usr/lib/python3.10/socketserver.py", line 683, in process_request_thread
    self.finish_request(request, client_address)
  File "/usr/lib/python3.10/socketserver.py", line 360, in finish_request
    self.RequestHandlerClass(request, client_address, self)
  File "/usr/lib/python3.10/socketserver.py", line 747, in __init__
    self.handle()
  File "/usr/lib/python3.10/http/server.py", line 433, in handle
    self.handle_one_request()
  File "/usr/lib/python3.10/http/server.py", line 421, in handle_one_request
    method()
  File "/home/ubuntu/bot-ultra-v4-profissional/bot/dashboard.py", line 356, in do_GET
    self._send_html(DASHBOARD_FILE.read_text(encoding="utf-8"))
  File "/home/ubuntu/bot-ultra-v4-profissional/bot/dashboard.py", line 48, in _send_html
    self.wfile.write(body)
  File "/usr/lib/python3.10/socketserver.py", line 826, in write
    self._sock.sendall(b)
BrokenPipeError: [Errno 32] Broken pipe
----------------------------------------
2026-03-23 22:53:09 | ERROR | Erro ETHUSDT: API Secret required for private endpoints
2026-03-23 22:53:12 | ERROR | Erro BNBUSDT: API Secret required for private endpoints
2026-03-23 22:53:15 | ERROR | Erro SOLUSDT: API Secret required for private endpoints
2026-03-23 22:53:19 | ERROR | Erro ADAUSDT: API Secret required for private endpoints
2026-03-23 22:54:24 | ERROR | Erro ETHUSDT: API Secret required for private endpoints
2026-03-23 22:54:29 | ERROR | Erro SOLUSDT: API Secret required for private endpoints
2026-03-23 22:54:32 | ERROR | Erro ADAUSDT: API Secret required for private endpoints
2026-03-23 22:55:38 | ERROR | Erro ETHUSDT: API Secret required for private endpoints
2026-03-23 22:55:43 | ERROR | Erro SOLUSDT: API Secret required for private endpoints
2026-03-23 22:55:46 | ERROR | Erro ADAUSDT: API Secret required for private endpoints
2026-03-23 22:56:52 | ERROR | Erro ETHUSDT: API Secret required for private endpoints
2026-03-23 22:56:55 | ERROR | Erro BNBUSDT: API Secret required for private endpoints
2026-03-23 22:56:58 | ERROR | Erro SOLUSDT: API Secret required for private endpoints
2026-03-23 22:57:02 | ERROR | Erro ADAUSDT: API Secret required for private endpoints
2026-03-23 22:58:07 | ERROR | Erro ETHUSDT: API Secret required for private endpoints
2026-03-23 22:58:10 | ERROR | Erro BNBUSDT: API Secret required for private endpoints
2026-03-23 22:58:14 | ERROR | Erro SOLUSDT: API Secret required for private endpoints
2026-03-23 22:58:18 | ERROR | Erro ADAUSDT: API Secret required for private endpoints
2026-03-23 22:59:21 | ERROR | Erro BTCUSDT: API Secret required for private endpoints
2026-03-23 22:59:25 | ERROR | Erro ETHUSDT: API Secret required for private endpoints
2026-03-23 22:59:30 | ERROR | Erro SOLUSDT: API Secret required for private endpoints
2026-03-23 22:59:33 | ERROR | Erro ADAUSDT: API Secret required for private endpoints
2026-03-23 23:00:38 | ERROR | Erro ETHUSDT: API Secret required for private endpoints
2026-03-23 23:00:45 | ERROR | Erro SOLUSDT: API Secret required for private endpoints
2026-03-23 23:00:50 | ERROR | Erro ADAUSDT: API Secret required for private endpoints
2026-03-23 23:01:56 | ERROR | Erro ETHUSDT: API Secret required for private endpoints
2026-03-23 23:02:01 | ERROR | Erro SOLUSDT: API Secret required for private endpoints
2026-03-23 23:02:05 | ERROR | Erro ADAUSDT: API Secret required for private endpoints
2026-03-23 23:03:11 | ERROR | Erro ETHUSDT: API Secret required for private endpoints
2026-03-23 23:03:16 | ERROR | Erro SOLUSDT: API Secret required for private endpoints
2026-03-23 23:03:19 | ERROR | Erro ADAUSDT: API Secret required for private endpoints
2026-03-23 23:04:31 | ERROR | Erro SOLUSDT: API Secret required for private endpoints
2026-03-23 23:04:35 | ERROR | Erro ADAUSDT: API Secret required for private endpoints
2026-03-23 23:05:40 | ERROR | Erro ETHUSDT: API Secret required for private endpoints
2026-03-23 23:05:45 | ERROR | Erro SOLUSDT: API Secret required for private endpoints
2026-03-23 23:05:48 | ERROR | Erro ADAUSDT: API Secret required for private endpoints
2026-03-23 23:06:57 | ERROR | Erro SOLUSDT: API Secret required for private endpoints
2026-03-23 23:07:00 | ERROR | Erro ADAUSDT: API Secret required for private endpoints
2026-03-23 23:08:09 | ERROR | Erro SOLUSDT: API Secret required for private endpoints
2026-03-23 23:08:13 | ERROR | Erro ADAUSDT: API Secret required for private endpoints
2026-03-23 23:09:14 | INFO | 📰 News final: 3 notícias | score=0.0 | Neutro | fear_news=50 (Neutro)
2026-03-23 23:09:15 | INFO | 📊 Fear & Greed combinado: 23 (Extreme Fear) | alt=8 (Extreme Fear) | news=50 (Neutro)
2026-03-23 23:09:22 | ERROR | Erro SOLUSDT: API Secret required for private endpoints
2026-03-23 23:09:26 | ERROR | Erro ADAUSDT: API Secret required for private endpoints
2026-03-23 23:10:34 | ERROR | Erro SOLUSDT: API Secret required for private endpoints
2026-03-23 23:11:44 | ERROR | Erro SOLUSDT: API Secret required for private endpoints
2026-03-23 23:12:55 | ERROR | Erro SOLUSDT: API Secret required for private endpoints
2026-03-23 23:14:05 | ERROR | Erro SOLUSDT: API Secret required for private endpoints
2026-03-23 23:15:15 | ERROR | Erro SOLUSDT: API Secret required for private endpoints
2026-03-23 23:16:26 | ERROR | Erro SOLUSDT: API Secret required for private endpoints
2026-03-23 23:17:36 | ERROR | Erro SOLUSDT: API Secret required for private endpoints
2026-03-23 23:18:47 | ERROR | Erro SOLUSDT: API Secret required for private endpoints
2026-03-23 23:19:57 | ERROR | Erro SOLUSDT: API Secret required for private endpoints
2026-03-23 23:21:08 | ERROR | Erro SOLUSDT: API Secret required for private endpoints
2026-03-23 23:22:18 | ERROR | Erro SOLUSDT: API Secret required for private endpoints
2026-03-23 23:23:28 | ERROR | Erro SOLUSDT: API Secret required for private endpoints
2026-03-23 23:24:39 | ERROR | Erro SOLUSDT: API Secret required for private endpoints
2026-03-23 23:25:49 | ERROR | Erro SOLUSDT: API Secret required for private endpoints
2026-03-23 23:26:59 | ERROR | Erro SOLUSDT: API Secret required for private endpoints
2026-03-23 23:28:09 | ERROR | Erro SOLUSDT: API Secret required for private endpoints
2026-03-23 23:29:20 | ERROR | Erro SOLUSDT: API Secret required for private endpoints
2026-03-23 23:30:26 | ERROR | Erro BTCUSDT: API Secret required for private endpoints
2026-03-23 23:30:32 | ERROR | Erro SOLUSDT: API Secret required for private endpoints
2026-03-23 23:31:42 | ERROR | Erro SOLUSDT: API Secret required for private endpoints
2026-03-23 23:32:53 | ERROR | Erro SOLUSDT: API Secret required for private endpoints
2026-03-23 23:34:04 | ERROR | Erro SOLUSDT: API Secret required for private endpoints
2026-03-23 23:35:14 | ERROR | Erro SOLUSDT: API Secret required for private endpoints
2026-03-23 23:36:24 | ERROR | Erro SOLUSDT: API Secret required for private endpoints
2026-03-23 23:37:30 | ERROR | Erro BTCUSDT: API Secret required for private endpoints
2026-03-23 23:37:36 | ERROR | Erro SOLUSDT: API Secret required for private endpoints
2026-03-23 23:38:42 | ERROR | Erro BTCUSDT: API Secret required for private endpoints
2026-03-23 23:38:48 | ERROR | Erro SOLUSDT: API Secret required for private endpoints
2026-03-23 23:39:54 | ERROR | Erro BTCUSDT: API Secret required for private endpoints
2026-03-23 23:40:00 | ERROR | Erro SOLUSDT: API Secret required for private endpoints
2026-03-23 23:41:09 | ERROR | Erro BNBUSDT: API Secret required for private endpoints
2026-03-23 23:41:13 | ERROR | Erro SOLUSDT: API Secret required for private endpoints
2026-03-23 23:42:21 | ERROR | Erro BNBUSDT: API Secret required for private endpoints
2026-03-23 23:42:25 | ERROR | Erro SOLUSDT: API Secret required for private endpoints
2026-03-23 23:43:33 | ERROR | Erro BNBUSDT: API Secret required for private endpoints
2026-03-23 23:43:37 | ERROR | Erro SOLUSDT: API Secret required for private endpoints
2026-03-23 23:44:40 | INFO | 📰 News final: 3 notícias | score=0.0 | Neutro | fear_news=50 (Neutro)
2026-03-23 23:44:40 | INFO | 📊 Fear & Greed combinado: 23 (Extreme Fear) | alt=8 (Extreme Fear) | news=50 (Neutro)
2026-03-23 23:44:46 | ERROR | Erro BNBUSDT: API Secret required for private endpoints
2026-03-23 23:44:49 | ERROR | Erro SOLUSDT: API Secret required for private endpoints
2026-03-23 23:45:59 | ERROR | Erro BNBUSDT: API Secret required for private endpoints
2026-03-23 23:46:02 | ERROR | Erro SOLUSDT: API Secret required for private endpoints
2026-03-23 23:47:11 | ERROR | Erro BNBUSDT: API Secret required for private endpoints
2026-03-23 23:47:15 | ERROR | Erro SOLUSDT: API Secret required for private endpoints
2026-03-23 23:48:25 | ERROR | Erro SOLUSDT: API Secret required for private endpoints
2026-03-23 23:49:35 | ERROR | Erro SOLUSDT: API Secret required for private endpoints
2026-03-23 23:50:41 | ERROR | Erro BTCUSDT: API Secret required for private endpoints
2026-03-23 23:50:48 | ERROR | Erro SOLUSDT: API Secret required for private endpoints
2026-03-23 23:51:53 | ERROR | Erro BTCUSDT: API Secret required for private endpoints
2026-03-23 23:52:00 | ERROR | Erro SOLUSDT: API Secret required for private endpoints
2026-03-23 23:53:06 | ERROR | Erro BTCUSDT: API Secret required for private endpoints
2026-03-23 23:53:11 | ERROR | Erro BNBUSDT: API Secret required for private endpoints
2026-03-23 23:53:15 | ERROR | Erro SOLUSDT: API Secret required for private endpoints
2026-03-23 23:54:21 | ERROR | Erro BTCUSDT: API Secret required for private endpoints
2026-03-23 23:54:26 | ERROR | Erro BNBUSDT: API Secret required for private endpoints
2026-03-23 23:54:29 | ERROR | Erro SOLUSDT: API Secret required for private endpoints
----------------------------------------
Exception occurred during processing of request from ('177.42.86.192', 53426)
Traceback (most recent call last):
  File "/usr/lib/python3.10/socketserver.py", line 683, in process_request_thread
    self.finish_request(request, client_address)
  File "/usr/lib/python3.10/socketserver.py", line 360, in finish_request
    self.RequestHandlerClass(request, client_address, self)
  File "/usr/lib/python3.10/socketserver.py", line 747, in __init__
    self.handle()
  File "/usr/lib/python3.10/http/server.py", line 433, in handle
    self.handle_one_request()
  File "/usr/lib/python3.10/http/server.py", line 421, in handle_one_request
    method()
  File "/home/ubuntu/bot-ultra-v4-profissional/bot/dashboard.py", line 351, in do_GET
    self._send_json(payload)
  File "/home/ubuntu/bot-ultra-v4-profissional/bot/dashboard.py", line 35, in _send_json
    self.end_headers()
  File "/usr/lib/python3.10/http/server.py", line 535, in end_headers
    self.flush_headers()
  File "/usr/lib/python3.10/http/server.py", line 539, in flush_headers
    self.wfile.write(b"".join(self._headers_buffer))
  File "/usr/lib/python3.10/socketserver.py", line 826, in write
    self._sock.sendall(b)
ConnectionResetError: [Errno 104] Connection reset by peer
----------------------------------------
----------------------------------------
Exception occurred during processing of request from ('177.42.86.192', 53427)
Traceback (most recent call last):
  File "/usr/lib/python3.10/socketserver.py", line 683, in process_request_thread
    self.finish_request(request, client_address)
  File "/usr/lib/python3.10/socketserver.py", line 360, in finish_request
    self.RequestHandlerClass(request, client_address, self)
  File "/usr/lib/python3.10/socketserver.py", line 747, in __init__
    self.handle()
  File "/usr/lib/python3.10/http/server.py", line 433, in handle
    self.handle_one_request()
  File "/usr/lib/python3.10/http/server.py", line 421, in handle_one_request
    method()
  File "/home/ubuntu/bot-ultra-v4-profissional/bot/dashboard.py", line 351, in do_GET
    self._send_json(payload)
  File "/home/ubuntu/bot-ultra-v4-profissional/bot/dashboard.py", line 35, in _send_json
    self.end_headers()
  File "/usr/lib/python3.10/http/server.py", line 535, in end_headers
    self.flush_headers()
  File "/usr/lib/python3.10/http/server.py", line 539, in flush_headers
    self.wfile.write(b"".join(self._headers_buffer))
  File "/usr/lib/python3.10/socketserver.py", line 826, in write
    self._sock.sendall(b)
ConnectionResetError: [Errno 104] Connection reset by peer
----------------------------------------
----------------------------------------
Exception occurred during processing of request from ('177.42.86.192', 53428)
Traceback (most recent call last):
  File "/usr/lib/python3.10/socketserver.py", line 683, in process_request_thread
    self.finish_request(request, client_address)
  File "/usr/lib/python3.10/socketserver.py", line 360, in finish_request
    self.RequestHandlerClass(request, client_address, self)
  File "/usr/lib/python3.10/socketserver.py", line 747, in __init__
    self.handle()
  File "/usr/lib/python3.10/http/server.py", line 433, in handle
    self.handle_one_request()
  File "/usr/lib/python3.10/http/server.py", line 421, in handle_one_request
    method()
  File "/home/ubuntu/bot-ultra-v4-profissional/bot/dashboard.py", line 351, in do_GET
    self._send_json(payload)
  File "/home/ubuntu/bot-ultra-v4-profissional/bot/dashboard.py", line 35, in _send_json
    self.end_headers()
  File "/usr/lib/python3.10/http/server.py", line 535, in end_headers
    self.flush_headers()
  File "/usr/lib/python3.10/http/server.py", line 539, in flush_headers
    self.wfile.write(b"".join(self._headers_buffer))
  File "/usr/lib/python3.10/socketserver.py", line 826, in write
    self._sock.sendall(b)
ConnectionResetError: [Errno 104] Connection reset by peer
----------------------------------------
----------------------------------------
Exception occurred during processing of request from ('177.42.86.192', 53429)
Traceback (most recent call last):
  File "/usr/lib/python3.10/socketserver.py", line 683, in process_request_thread
    self.finish_request(request, client_address)
  File "/usr/lib/python3.10/socketserver.py", line 360, in finish_request
    self.RequestHandlerClass(request, client_address, self)
  File "/usr/lib/python3.10/socketserver.py", line 747, in __init__
    self.handle()
  File "/usr/lib/python3.10/http/server.py", line 433, in handle
    self.handle_one_request()
  File "/usr/lib/python3.10/http/server.py", line 421, in handle_one_request
    method()
  File "/home/ubuntu/bot-ultra-v4-profissional/bot/dashboard.py", line 351, in do_GET
    self._send_json(payload)
  File "/home/ubuntu/bot-ultra-v4-profissional/bot/dashboard.py", line 35, in _send_json
    self.end_headers()
  File "/usr/lib/python3.10/http/server.py", line 535, in end_headers
    self.flush_headers()
  File "/usr/lib/python3.10/http/server.py", line 539, in flush_headers
    self.wfile.write(b"".join(self._headers_buffer))
  File "/usr/lib/python3.10/socketserver.py", line 826, in write
    self._sock.sendall(b)
ConnectionResetError: [Errno 104] Connection reset by peer
----------------------------------------
----------------------------------------
Exception occurred during processing of request from ('177.42.86.192', 53430)
Traceback (most recent call last):
  File "/usr/lib/python3.10/socketserver.py", line 683, in process_request_thread
    self.finish_request(request, client_address)
  File "/usr/lib/python3.10/socketserver.py", line 360, in finish_request
    self.RequestHandlerClass(request, client_address, self)
  File "/usr/lib/python3.10/socketserver.py", line 747, in __init__
    self.handle()
  File "/usr/lib/python3.10/http/server.py", line 433, in handle
    self.handle_one_request()
  File "/usr/lib/python3.10/http/server.py", line 421, in handle_one_request
    method()
  File "/home/ubuntu/bot-ultra-v4-profissional/bot/dashboard.py", line 351, in do_GET
    self._send_json(payload)
  File "/home/ubuntu/bot-ultra-v4-profissional/bot/dashboard.py", line 35, in _send_json
    self.end_headers()
  File "/usr/lib/python3.10/http/server.py", line 535, in end_headers
    self.flush_headers()
  File "/usr/lib/python3.10/http/server.py", line 539, in flush_headers
    self.wfile.write(b"".join(self._headers_buffer))
  File "/usr/lib/python3.10/socketserver.py", line 826, in write
    self._sock.sendall(b)
ConnectionResetError: [Errno 104] Connection reset by peer
----------------------------------------
----------------------------------------
Exception occurred during processing of request from ('177.42.86.192', 53443)
Traceback (most recent call last):
  File "/usr/lib/python3.10/socketserver.py", line 683, in process_request_thread
    self.finish_request(request, client_address)
  File "/usr/lib/python3.10/socketserver.py", line 360, in finish_request
    self.RequestHandlerClass(request, client_address, self)
  File "/usr/lib/python3.10/socketserver.py", line 747, in __init__
    self.handle()
  File "/usr/lib/python3.10/http/server.py", line 433, in handle
    self.handle_one_request()
  File "/usr/lib/python3.10/http/server.py", line 421, in handle_one_request
    method()
  File "/home/ubuntu/bot-ultra-v4-profissional/bot/dashboard.py", line 351, in do_GET
    self._send_json(payload)
  File "/home/ubuntu/bot-ultra-v4-profissional/bot/dashboard.py", line 35, in _send_json
    self.end_headers()
  File "/usr/lib/python3.10/http/server.py", line 535, in end_headers
    self.flush_headers()
  File "/usr/lib/python3.10/http/server.py", line 539, in flush_headers
    self.wfile.write(b"".join(self._headers_buffer))
  File "/usr/lib/python3.10/socketserver.py", line 826, in write
    self._sock.sendall(b)
ConnectionResetError: [Errno 104] Connection reset by peer
----------------------------------------
----------------------------------------
Exception occurred during processing of request from ('177.42.86.192', 53444)
Traceback (most recent call last):
  File "/usr/lib/python3.10/socketserver.py", line 683, in process_request_thread
    self.finish_request(request, client_address)
  File "/usr/lib/python3.10/socketserver.py", line 360, in finish_request
    self.RequestHandlerClass(request, client_address, self)
  File "/usr/lib/python3.10/socketserver.py", line 747, in __init__
    self.handle()
  File "/usr/lib/python3.10/http/server.py", line 433, in handle
    self.handle_one_request()
  File "/usr/lib/python3.10/http/server.py", line 421, in handle_one_request
    method()
  File "/home/ubuntu/bot-ultra-v4-profissional/bot/dashboard.py", line 351, in do_GET
    self._send_json(payload)
  File "/home/ubuntu/bot-ultra-v4-profissional/bot/dashboard.py", line 35, in _send_json
    self.end_headers()
  File "/usr/lib/python3.10/http/server.py", line 535, in end_headers
    self.flush_headers()
  File "/usr/lib/python3.10/http/server.py", line 539, in flush_headers
    self.wfile.write(b"".join(self._headers_buffer))
  File "/usr/lib/python3.10/socketserver.py", line 826, in write
    self._sock.sendall(b)
ConnectionResetError: [Errno 104] Connection reset by peer
----------------------------------------
----------------------------------------
Exception occurred during processing of request from ('177.42.86.192', 53448)
Traceback (most recent call last):
  File "/usr/lib/python3.10/socketserver.py", line 683, in process_request_thread
    self.finish_request(request, client_address)
  File "/usr/lib/python3.10/socketserver.py", line 360, in finish_request
    self.RequestHandlerClass(request, client_address, self)
  File "/usr/lib/python3.10/socketserver.py", line 747, in __init__
    self.handle()
  File "/usr/lib/python3.10/http/server.py", line 433, in handle
    self.handle_one_request()
  File "/usr/lib/python3.10/http/server.py", line 421, in handle_one_request
    method()
  File "/home/ubuntu/bot-ultra-v4-profissional/bot/dashboard.py", line 351, in do_GET
    self._send_json(payload)
  File "/home/ubuntu/bot-ultra-v4-profissional/bot/dashboard.py", line 35, in _send_json
    self.end_headers()
  File "/usr/lib/python3.10/http/server.py", line 535, in end_headers
    self.flush_headers()
  File "/usr/lib/python3.10/http/server.py", line 539, in flush_headers
    self.wfile.write(b"".join(self._headers_buffer))
  File "/usr/lib/python3.10/socketserver.py", line 826, in write
    self._sock.sendall(b)
ConnectionResetError: [Errno 104] Connection reset by peer
----------------------------------------
----------------------------------------
Exception occurred during processing of request from ('177.42.86.192', 53449)
Traceback (most recent call last):
  File "/usr/lib/python3.10/socketserver.py", line 683, in process_request_thread
    self.finish_request(request, client_address)
  File "/usr/lib/python3.10/socketserver.py", line 360, in finish_request
    self.RequestHandlerClass(request, client_address, self)
  File "/usr/lib/python3.10/socketserver.py", line 747, in __init__
    self.handle()
  File "/usr/lib/python3.10/http/server.py", line 433, in handle
    self.handle_one_request()
  File "/usr/lib/python3.10/http/server.py", line 421, in handle_one_request
    method()
  File "/home/ubuntu/bot-ultra-v4-profissional/bot/dashboard.py", line 351, in do_GET
    self._send_json(payload)
  File "/home/ubuntu/bot-ultra-v4-profissional/bot/dashboard.py", line 35, in _send_json
    self.end_headers()
  File "/usr/lib/python3.10/http/server.py", line 535, in end_headers
    self.flush_headers()
  File "/usr/lib/python3.10/http/server.py", line 539, in flush_headers
    self.wfile.write(b"".join(self._headers_buffer))
  File "/usr/lib/python3.10/socketserver.py", line 826, in write
    self._sock.sendall(b)
ConnectionResetError: [Errno 104] Connection reset by peer
----------------------------------------
----------------------------------------
Exception occurred during processing of request from ('177.42.86.192', 53450)
Traceback (most recent call last):
  File "/usr/lib/python3.10/socketserver.py", line 683, in process_request_thread
    self.finish_request(request, client_address)
  File "/usr/lib/python3.10/socketserver.py", line 360, in finish_request
    self.RequestHandlerClass(request, client_address, self)
  File "/usr/lib/python3.10/socketserver.py", line 747, in __init__
    self.handle()
  File "/usr/lib/python3.10/http/server.py", line 433, in handle
    self.handle_one_request()
  File "/usr/lib/python3.10/http/server.py", line 421, in handle_one_request
    method()
  File "/home/ubuntu/bot-ultra-v4-profissional/bot/dashboard.py", line 351, in do_GET
    self._send_json(payload)
  File "/home/ubuntu/bot-ultra-v4-profissional/bot/dashboard.py", line 35, in _send_json
    self.end_headers()
  File "/usr/lib/python3.10/http/server.py", line 535, in end_headers
    self.flush_headers()
  File "/usr/lib/python3.10/http/server.py", line 539, in flush_headers
    self.wfile.write(b"".join(self._headers_buffer))
  File "/usr/lib/python3.10/socketserver.py", line 826, in write
    self._sock.sendall(b)
ConnectionResetError: [Errno 104] Connection reset by peer
----------------------------------------
----------------------------------------
Exception occurred during processing of request from ('177.42.86.192', 53451)
Traceback (most recent call last):
  File "/usr/lib/python3.10/socketserver.py", line 683, in process_request_thread
    self.finish_request(request, client_address)
  File "/usr/lib/python3.10/socketserver.py", line 360, in finish_request
    self.RequestHandlerClass(request, client_address, self)
  File "/usr/lib/python3.10/socketserver.py", line 747, in __init__
    self.handle()
  File "/usr/lib/python3.10/http/server.py", line 433, in handle
    self.handle_one_request()
  File "/usr/lib/python3.10/http/server.py", line 421, in handle_one_request
    method()
  File "/home/ubuntu/bot-ultra-v4-profissional/bot/dashboard.py", line 351, in do_GET
    self._send_json(payload)
  File "/home/ubuntu/bot-ultra-v4-profissional/bot/dashboard.py", line 35, in _send_json
    self.end_headers()
  File "/usr/lib/python3.10/http/server.py", line 535, in end_headers
    self.flush_headers()
  File "/usr/lib/python3.10/http/server.py", line 539, in flush_headers
    self.wfile.write(b"".join(self._headers_buffer))
  File "/usr/lib/python3.10/socketserver.py", line 826, in write
    self._sock.sendall(b)
ConnectionResetError: [Errno 104] Connection reset by peer
----------------------------------------
----------------------------------------
Exception occurred during processing of request from ('177.42.86.192', 53455)
Traceback (most recent call last):
  File "/usr/lib/python3.10/socketserver.py", line 683, in process_request_thread
    self.finish_request(request, client_address)
  File "/usr/lib/python3.10/socketserver.py", line 360, in finish_request
    self.RequestHandlerClass(request, client_address, self)
  File "/usr/lib/python3.10/socketserver.py", line 747, in __init__
    self.handle()
  File "/usr/lib/python3.10/http/server.py", line 433, in handle
    self.handle_one_request()
  File "/usr/lib/python3.10/http/server.py", line 421, in handle_one_request
    method()
  File "/home/ubuntu/bot-ultra-v4-profissional/bot/dashboard.py", line 351, in do_GET
    self._send_json(payload)
  File "/home/ubuntu/bot-ultra-v4-profissional/bot/dashboard.py", line 35, in _send_json
    self.end_headers()
  File "/usr/lib/python3.10/http/server.py", line 535, in end_headers
    self.flush_headers()
  File "/usr/lib/python3.10/http/server.py", line 539, in flush_headers
    self.wfile.write(b"".join(self._headers_buffer))
  File "/usr/lib/python3.10/socketserver.py", line 826, in write
    self._sock.sendall(b)
ConnectionResetError: [Errno 104] Connection reset by peer
----------------------------------------
----------------------------------------
Exception occurred during processing of request from ('127.0.0.1', 44002)
Traceback (most recent call last):
  File "/usr/lib/python3.10/socketserver.py", line 683, in process_request_thread
    self.finish_request(request, client_address)
  File "/usr/lib/python3.10/socketserver.py", line 360, in finish_request
    self.RequestHandlerClass(request, client_address, self)
  File "/usr/lib/python3.10/socketserver.py", line 747, in __init__
    self.handle()
  File "/usr/lib/python3.10/http/server.py", line 433, in handle
    self.handle_one_request()
  File "/usr/lib/python3.10/http/server.py", line 421, in handle_one_request
    method()
  File "/home/ubuntu/bot-ultra-v4-profissional/bot/dashboard.py", line 351, in do_GET
    self._send_json(payload)
  File "/home/ubuntu/bot-ultra-v4-profissional/bot/dashboard.py", line 36, in _send_json
    self.wfile.write(body)
  File "/usr/lib/python3.10/socketserver.py", line 826, in write
    self._sock.sendall(b)
BrokenPipeError: [Errno 32] Broken pipe
----------------------------------------
----------------------------------------
Exception occurred during processing of request from ('177.42.86.192', 53458)
Traceback (most recent call last):
  File "/usr/lib/python3.10/socketserver.py", line 683, in process_request_thread
    self.finish_request(request, client_address)
  File "/usr/lib/python3.10/socketserver.py", line 360, in finish_request
    self.RequestHandlerClass(request, client_address, self)
  File "/usr/lib/python3.10/socketserver.py", line 747, in __init__
    self.handle()
  File "/usr/lib/python3.10/http/server.py", line 433, in handle
    self.handle_one_request()
  File "/usr/lib/python3.10/http/server.py", line 421, in handle_one_request
    method()
  File "/home/ubuntu/bot-ultra-v4-profissional/bot/dashboard.py", line 351, in do_GET
    self._send_json(payload)
  File "/home/ubuntu/bot-ultra-v4-profissional/bot/dashboard.py", line 35, in _send_json
    self.end_headers()
  File "/usr/lib/python3.10/http/server.py", line 535, in end_headers
    self.flush_headers()
  File "/usr/lib/python3.10/http/server.py", line 539, in flush_headers
    self.wfile.write(b"".join(self._headers_buffer))
  File "/usr/lib/python3.10/socketserver.py", line 826, in write
    self._sock.sendall(b)
ConnectionResetError: [Errno 104] Connection reset by peer
----------------------------------------
----------------------------------------
Exception occurred during processing of request from ('177.42.86.192', 53459)
Traceback (most recent call last):
  File "/usr/lib/python3.10/socketserver.py", line 683, in process_request_thread
    self.finish_request(request, client_address)
  File "/usr/lib/python3.10/socketserver.py", line 360, in finish_request
    self.RequestHandlerClass(request, client_address, self)
  File "/usr/lib/python3.10/socketserver.py", line 747, in __init__
    self.handle()
  File "/usr/lib/python3.10/http/server.py", line 433, in handle
    self.handle_one_request()
  File "/usr/lib/python3.10/http/server.py", line 421, in handle_one_request
    method()
  File "/home/ubuntu/bot-ultra-v4-profissional/bot/dashboard.py", line 351, in do_GET
    self._send_json(payload)
  File "/home/ubuntu/bot-ultra-v4-profissional/bot/dashboard.py", line 35, in _send_json
    self.end_headers()
  File "/usr/lib/python3.10/http/server.py", line 535, in end_headers
    self.flush_headers()
  File "/usr/lib/python3.10/http/server.py", line 539, in flush_headers
    self.wfile.write(b"".join(self._headers_buffer))
  File "/usr/lib/python3.10/socketserver.py", line 826, in write
    self._sock.sendall(b)
ConnectionResetError: [Errno 104] Connection reset by peer
----------------------------------------
----------------------------------------
Exception occurred during processing of request from ('177.42.86.192', 53460)
Traceback (most recent call last):
  File "/usr/lib/python3.10/socketserver.py", line 683, in process_request_thread
    self.finish_request(request, client_address)
  File "/usr/lib/python3.10/socketserver.py", line 360, in finish_request
    self.RequestHandlerClass(request, client_address, self)
  File "/usr/lib/python3.10/socketserver.py", line 747, in __init__
    self.handle()
  File "/usr/lib/python3.10/http/server.py", line 433, in handle
    self.handle_one_request()
  File "/usr/lib/python3.10/http/server.py", line 421, in handle_one_request
    method()
  File "/home/ubuntu/bot-ultra-v4-profissional/bot/dashboard.py", line 351, in do_GET
    self._send_json(payload)
  File "/home/ubuntu/bot-ultra-v4-profissional/bot/dashboard.py", line 35, in _send_json
    self.end_headers()
  File "/usr/lib/python3.10/http/server.py", line 535, in end_headers
    self.flush_headers()
  File "/usr/lib/python3.10/http/server.py", line 539, in flush_headers
    self.wfile.write(b"".join(self._headers_buffer))
  File "/usr/lib/python3.10/socketserver.py", line 826, in write
    self._sock.sendall(b)
ConnectionResetError: [Errno 104] Connection reset by peer
----------------------------------------
----------------------------------------
Exception occurred during processing of request from ('177.42.86.192', 53461)
Traceback (most recent call last):
  File "/usr/lib/python3.10/socketserver.py", line 683, in process_request_thread
    self.finish_request(request, client_address)
  File "/usr/lib/python3.10/socketserver.py", line 360, in finish_request
    self.RequestHandlerClass(request, client_address, self)
  File "/usr/lib/python3.10/socketserver.py", line 747, in __init__
    self.handle()
  File "/usr/lib/python3.10/http/server.py", line 433, in handle
    self.handle_one_request()
  File "/usr/lib/python3.10/http/server.py", line 421, in handle_one_request
    method()
  File "/home/ubuntu/bot-ultra-v4-profissional/bot/dashboard.py", line 351, in do_GET
    self._send_json(payload)
  File "/home/ubuntu/bot-ultra-v4-profissional/bot/dashboard.py", line 35, in _send_json
    self.end_headers()
  File "/usr/lib/python3.10/http/server.py", line 535, in end_headers
    self.flush_headers()
  File "/usr/lib/python3.10/http/server.py", line 539, in flush_headers
    self.wfile.write(b"".join(self._headers_buffer))
  File "/usr/lib/python3.10/socketserver.py", line 826, in write
    self._sock.sendall(b)
ConnectionResetError: [Errno 104] Connection reset by peer
----------------------------------------
----------------------------------------
Exception occurred during processing of request from ('177.42.86.192', 53462)
Traceback (most recent call last):
  File "/usr/lib/python3.10/socketserver.py", line 683, in process_request_thread
    self.finish_request(request, client_address)
  File "/usr/lib/python3.10/socketserver.py", line 360, in finish_request
    self.RequestHandlerClass(request, client_address, self)
  File "/usr/lib/python3.10/socketserver.py", line 747, in __init__
    self.handle()
  File "/usr/lib/python3.10/http/server.py", line 433, in handle
    self.handle_one_request()
  File "/usr/lib/python3.10/http/server.py", line 421, in handle_one_request
    method()
  File "/home/ubuntu/bot-ultra-v4-profissional/bot/dashboard.py", line 351, in do_GET
    self._send_json(payload)
  File "/home/ubuntu/bot-ultra-v4-profissional/bot/dashboard.py", line 35, in _send_json
    self.end_headers()
  File "/usr/lib/python3.10/http/server.py", line 535, in end_headers
    self.flush_headers()
  File "/usr/lib/python3.10/http/server.py", line 539, in flush_headers
    self.wfile.write(b"".join(self._headers_buffer))
  File "/usr/lib/python3.10/socketserver.py", line 826, in write
    self._sock.sendall(b)
ConnectionResetError: [Errno 104] Connection reset by peer
----------------------------------------
2026-03-23 23:55:36 | ERROR | Erro BTCUSDT: API Secret required for private endpoints
